"","Ea_o","Hd_o","dS_o","k25_o","residual_o","BIC_o","Parameter","MA","ID","Ea","Hd","dS","k25","residual","BIC","Parameter","MA","ID"
"183",195.207184096524,141.704270818554,3.07419146278039,34.3618607627988,76.6919015078647,41.274279626426,"Vcmax","Old",1,165.748912230582,114.766021223853,1.52118098712515,34.3641344142822,76.6183758007034,41.2685245748464,"Vcmax","New",1
"13",53.5029089806401,200,0.468505972434988,34.3618612355939,76.6919015729726,39.4825201622916,"Vcmax","Old",1,50.98288445671,200,0.472175843257713,34.3641362626207,76.6183759017712,39.476765113533,"Vcmax","New",1
"1832",195.207184096524,141.704270818554,3.07419146278039,34.3618607627988,76.6919015078647,41.274279626426,"Vcmax","Old",2,165.748912230582,114.766021223853,1.52118098712515,34.3641344142822,76.6183758007034,41.2685245748464,"Vcmax","New",2
"131",53.5029089806401,200,0.468505972434988,34.3618612355939,76.6919015729726,39.4825201622916,"Vcmax","Old",2,50.98288445671,200,0.472175843257713,34.3641362626207,76.6183759017712,39.476765113533,"Vcmax","New",2
"188",467.487486663038,388.747962123321,1.31076475708846,21.9741158669168,267.810899473803,55.1052870941175,"Vcmax","Old",3,465.012674437334,388.816383000753,1.31098500416302,21.973580330819,267.808845416419,55.1052334052764,"Vcmax","New",3
"132",172.772600033265,200,0.653102696985559,21.2975459104079,292.747243348598,53.7825761199267,"Vcmax","Old",3,170.468149503987,200,0.653146568581941,21.2945314652232,292.745130332527,53.7825255945462,"Vcmax","New",3
"1882",467.487486663038,388.747962123321,1.31076475708846,21.9741158669168,267.810899473803,55.1052870941175,"Vcmax","Old",4,465.012674437334,388.816383000753,1.31098500416302,21.973580330819,267.808845416419,55.1052334052764,"Vcmax","New",4
"134",172.772600033265,200,0.653102696985559,21.2975459104079,292.747243348598,53.7825761199267,"Vcmax","Old",4,170.468149503987,200,0.653146568581941,21.2945314652232,292.745130332527,53.7825255945462,"Vcmax","New",4
"247",68.5576833626059,198.431189411974,0.639786751713234,122.795925036362,23947.1783288165,222.638780788191,"Vcmax","Old",5,66.0998484906722,198.494556583616,0.640008736440101,122.786179021079,23945.0070518894,222.636876643908,"Vcmax","New",5
"135",68.2642072476424,200,0.644704908646958,122.676621409887,23947.8460899914,219.594843922136,"Vcmax","Old",5,65.8169998693456,200,0.644727897718592,122.671236769345,23945.6223401818,219.592893812963,"Vcmax","New",5
"1971",52.7214695186316,747.844366533105,2.37448046596262,97.3768642280025,12129.2996721181,199.889142526459,"Vcmax","Old",6,50.2102996785946,747.658874080269,2.37390214344126,97.3602315801831,12124.2011174048,199.880733753091,"Vcmax","New",6
"136",65.918553044234,200,0.638801126807834,102.518918037478,20086.5778221794,206.981966970295,"Vcmax","Old",6,63.4290861248708,200,0.638816729662493,102.512058827642,20085.4569667882,206.980850914913,"Vcmax","New",6
"1883",53.76437279873,479.535813936545,1.53138744611011,75.5803641595357,163.112203870052,51.634387485796,"Vcmax","Old",7,51.2993167583691,478.573912936647,1.52833706473466,75.5638906052402,163.281161395379,51.6416345864346,"Vcmax","New",7
"138",68.0608327153737,200,0.643479949187588,81.636137478644,542.25379067541,58.0975479999686,"Vcmax","Old",7,65.6042410181087,200,0.64350024496127,81.6281520815308,542.270798145351,58.0977675473921,"Vcmax","New",7
"139",93.0301359053248,200,0.633590483846564,41.0675194111457,119.397074807451,30.4813270718707,"Vcmax","Old",8,90.5375477646905,200,0.633614074902408,41.0681658218314,119.439718796159,30.4827554611408,"Vcmax","New",8
"401",40,40,0.65,42.12415136,2.47386779877309e-27,-58.4261376081149,"Vcmax","Old",9,40,42,0.65,42.12415136,0.0132561005239942,-1.48542034919468,"Vcmax","New",9
"1310",40,200,0.65,42.12415136,11.9097423515772,5.31523381659354,"Vcmax","Old",9,40,200,0.65,42.12415136,16.6585414816264,5.6508001531948,"Vcmax","New",9
"137",239.059909434351,195.530796933467,0.668340818378502,91.4929894607144,1000.51381289809,112.694528402124,"Vcmax","Old",10,236.039611457317,195.106881527258,0.666862304344922,91.4898364977353,1000.5419803345,112.69492253817,"Vcmax","New",10
"1311",73.6017186071796,200,0.636780922152118,89.875245364273,1046.56337409447,110.685445008286,"Vcmax","Old",10,71.1239641893004,200,0.636807026840382,89.8738863987019,1046.68436664596,110.68706344617,"Vcmax","New",10
"2051",61.7567767718547,1030.01317029277,3.36762427751382,106.898255222529,83.195999549314,46.9217140170731,"Vcmax","Old",11,59.3366657825809,1028.55982424924,3.36288683089364,106.903671669739,83.1489000540068,46.9177500064332,"Vcmax","New",11
"1312",66.1318049068536,200,0.650931167526517,105.744034244861,121.553495764947,47.6298902393878,"Vcmax","Old",11,63.7325715885509,200,0.650961873201879,105.749126711389,121.470267271721,47.6250956508415,"Vcmax","New",11
"240",78.0299675441269,144.910293955804,0.462289903879511,71.0695676983657,2.04136959872511,17.7574901046012,"Vcmax","Old",12,75.6286502141944,144.71975886691,0.461737013939073,71.0699914276088,2.03164274146405,17.7336088222973,"Vcmax","New",12
"1313",72.2646344207831,200,0.63498927675137,69.9033158806937,4.89363894341978,20.5196283543397,"Vcmax","Old",12,69.8044125102341,200,0.635019939475568,69.8924911722394,4.93743625340667,20.5641785168199,"Vcmax","New",12
"1823",218.359380122631,147.29930169504,1.75274025742346,35.4371066771524,612.53205958971,81.0418580314868,"Vcmax","Old",13,75.6081345605573,1579.50300281369,5.0373398056465,34.2643627515869,575.032126473466,80.4101043127665,"Vcmax","New",13
"1314",76.5139619778928,200,0.620812838318615,34.8022449288574,601.99274137694,78.5657139833566,"Vcmax","Old",13,74.0186965702457,200,0.620885486887479,34.8018902157331,601.846605408628,78.5632861516127,"Vcmax","New",13
"246",66.3024477251709,408.869768870342,1.3156922477828,63.7402039116331,2066.98762228147,100.801599379234,"Vcmax","Old",14,63.7996766957187,408.868838491456,1.31569669863578,63.7388257724763,2066.59660817423,100.799518301432,"Vcmax","New",14
"1315",89.1415621096221,200,0.651318233969446,69.2975247603204,3548.3893611889,104.348120683781,"Vcmax","Old",14,86.6335192660021,200,0.651323840046204,69.3022449509402,3550.00716837721,104.353134739929,"Vcmax","New",14
"201",281.241495816856,258.248364933425,0.909253044129695,40.0664421326269,19.0930066768892,36.6185740447983,"Vcmax","Old",15,278.291450431303,257.792673216302,0.907630301720116,40.0653820195304,19.0908173889689,36.617771348063,"Vcmax","New",15
"1316",36.7662598517216,200,0.645332106896022,40.4443596526196,22.4175198234018,35.7963085345824,"Vcmax","Old",15,34.344797009352,200,0.645379798691116,40.4452428054531,22.4273700390769,35.7993836457509,"Vcmax","New",15
"252",50.388305791518,228.115376032586,0.719847727998911,101.04084824634,1144.93430090692,101.177408671054,"Vcmax","Old",16,47.9281818265739,227.539447248339,0.718062531251485,101.037456610985,1144.97970479582,101.177884537541,"Vcmax","New",16
"1317",52.5158787365561,200,0.631699213908663,101.196891055363,1148.39933399393,98.728764018258,"Vcmax","Old",16,50.026172855695,200,0.63172458108299,101.191581031358,1148.34145128875,98.728159167709,"Vcmax","New",16
"19711",55.1959194100947,3897.11259469839,12.3648548736058,81.6756873673663,3976.47118427011,116.117979062779,"Vcmax","Old",17,52.6724398454978,3893.4805873457,12.3533399671091,81.6760037471775,3974.732164714,116.112729986862,"Vcmax","New",17
"1318",63.3775051366945,200,0.633131031469745,83.0195251875801,7587.18465037749,121.385862071903,"Vcmax","Old",17,60.8805034630997,200,0.633151405156538,83.0182748844781,7586.43511956708,121.384676544669,"Vcmax","New",17
"230",149.258955582528,147.414693211034,0.495061450214951,27.0911451700652,446.561938971575,83.9466353234754,"Vcmax","Old",18,146.732923649152,147.490462721804,0.495293706612231,27.0908248426372,446.531644283497,83.9458890599814,"Vcmax","New",18
"1319",58.219572078917,200,0.6343559270201,26.0791586014402,518.211771756927,83.1856046503984,"Vcmax","Old",18,55.7593586973644,200,0.634390889566833,26.0761978069684,518.277599916696,83.1870018856779,"Vcmax","New",18
"2151",65.5465382613879,78.4068701832581,0.248535393859363,83.2318906528523,428.229546793352,77.4624389600719,"Vcmax","Old",19,63.1284096374657,78.5315113447706,0.248989261248055,83.230856172632,428.225001739048,77.4623328235743,"Vcmax","New",19
"1320",51.1979070208611,200,0.623222654776326,82.7778007673367,443.715559938917,75.5150973698537,"Vcmax","Old",19,48.7043266002891,200,0.623275566228026,82.7733047029501,443.83748957561,75.5178449157615,"Vcmax","New",19
"1321",58.537898146524,200,0.631843152658552,82.7437732907949,288.113750092391,71.1968137836906,"Vcmax","Old",20,56.0438698876617,200,0.631868311444917,82.7436091773543,287.820116035269,71.1866169850707,"Vcmax","New",20
"234",83.9826861938063,111.401109231519,0.362983884298428,95.8137756143189,9553.82384509397,170.04519485165,"Vcmax","Old",21,81.538680239178,111.538167203669,0.363443244242143,95.8116163423668,9553.41629629249,170.044469647007,"Vcmax","New",21
"1322",55.3967843818443,200,0.632327850332226,92.6631991515319,10014.7929662538,168.013052440071,"Vcmax","Old",21,52.9220931486441,200,0.632358760159001,92.6523973957877,10015.5264729997,168.014297514042,"Vcmax","New",21
"2142",41.8513725617269,3200.53079166975,10.1789452290199,73.9973883047822,2522.56692225168,154.501535418814,"Vcmax","Old",22,39.3462023766356,3176.50336939161,10.1024831030042,73.9846009347243,2523.56402248451,154.508648910169,"Vcmax","New",22
"1323",53.3623453642606,200,0.632100593887267,74.7373740032535,3146.8630722037,155.591487524496,"Vcmax","Old",22,50.8763587190944,200,0.632126425927753,74.73057744726,3145.73314626725,155.585023207903,"Vcmax","New",22
"235",89.6933699337018,282.644864891891,0.914780453955382,93.7592041197329,670.348617842234,54.2822903424309,"Vcmax","Old",23,87.2397490633936,282.546120326481,0.914477825438096,93.755282877275,670.11565445959,54.2802048257352,"Vcmax","New",23
"1324",103.788522243031,200,0.651550466040514,95.7361199930462,766.095604665167,53.2915852933216,"Vcmax","Old",23,101.328862969446,200,0.651564397067827,95.7376499128283,766.008652220968,53.2909042500266,"Vcmax","New",23
"195",169.712143405757,139.353705316285,0.474002175086387,88.4500022869307,223.801481819993,53.8486350860033,"Vcmax","Old",24,166.867635568093,139.145296188758,0.473244971702091,88.4500269331481,223.801933397509,53.848649210304,"Vcmax","New",24
"1325",56.99301014349,200,0.626558133003172,91.1387646999903,247.377860615523,52.6038277918706,"Vcmax","Old",24,54.4907934041548,200,0.626593605291578,91.1431462921275,247.466952791546,52.6063483608328,"Vcmax","New",24
"1326",68.4858295410629,200,0.622122981531003,22.0212972502544,6.50105017668283,18.8393631836165,"Vcmax","Old",25,66.0154574175805,200,0.62226471740801,22.0202399858135,6.49348307346609,18.8347045451405,"Vcmax","New",25
"243",71.2860615175577,328.839960717108,1.05970554374434,26.6725215805047,60.8414202409599,69.7803275464619,"Vcmax","Old",26,68.8191304691299,328.544980147642,1.05876896183076,26.6717217847416,60.8263481664389,69.7771066939331,"Vcmax","New",26
"1327",81.5051366633097,200,0.646406719546381,27.0162055430686,64.9718476447043,68.0692604640841,"Vcmax","Old",26,79.0469291400207,200,0.646424318016806,27.0156467576576,64.9559109271606,68.0660713483572,"Vcmax","New",26
"1836",65.0650146773235,343.040179519518,1.09340222293538,62.2723629337117,0.169152111823286,5.3046008374524,"Vcmax","Old",27,62.6403650200879,340.087354972915,1.08401660417346,62.2738275531078,0.174986182218721,5.47414399741576,"Vcmax","New",27
"1328",71.1501606678462,200,0.639463267592761,63.9497309916997,5.58406730997436,21.1795345169422,"Vcmax","Old",27,68.6953211537678,200,0.63948855754524,63.9415643765304,5.5263819886389,21.1276141686921,"Vcmax","New",27
"1991",142.841688085135,108.166550450459,0.375583810546259,84.5608582345855,255.365700559036,54.7721956301652,"Vcmax","Old",28,140.352225457318,108.269724695107,0.375881927882419,84.5702402098436,255.126956962341,54.7656482086731,"Vcmax","New",28
"1329",53.0325860555774,200,0.621402020561723,79.0623958040121,462.260835200222,56.9803141885591,"Vcmax","Old",28,50.5685584589863,200,0.621497205228493,79.0405649432156,463.525473848474,56.9994384204849,"Vcmax","New",28
"1951",89.0304215564302,181.861874665765,0.580786661993749,90.4957417075,7.47209049425342e-27,-227.896688168726,"Vcmax","Old",29,86.5924870220034,181.72104311467,0.580373087011653,90.4957417075,2.60513425340187e-26,-222.901110201856,"Vcmax","New",29
"1330",85.6021058934345,200,0.637258964836647,89.994558386116,0.534070793783039,8.84260076091137,"Vcmax","Old",29,83.1214238745614,200,0.637279409829779,89.9884132326588,0.54707323776848,8.93881788309708,"Vcmax","New",29
"238",119.269277229804,121.14326716166,0.40242545388496,79.5086839351796,69.890370392838,35.4240247176931,"Vcmax","Old",30,116.796601619795,121.269423565868,0.402834447538492,79.5079698726721,69.8555411211613,35.4215323891505,"Vcmax","New",30
"1331",64.4443340531858,200,0.634105864038286,77.0670373176423,162.639039045327,38.0376137237416,"Vcmax","Old",30,61.9656163623171,200,0.634132459180941,77.0613808401396,162.838691795793,38.0437478692327,"Vcmax","New",30
"1974",55.6334528634362,342.34385700897,1.09470332277153,64.4628519023991,940.124481299581,98.8123257693261,"Vcmax","Old",31,53.1420016453473,342.289445631709,1.09454313259892,64.4577207911493,939.828632710095,98.8085488845978,"Vcmax","New",31
"1332",66.7845662582524,200,0.642872549491939,66.1501134706239,1133.02348656976,98.5670114828559,"Vcmax","Old",31,64.3098460896568,200,0.642889054145892,66.1478663968841,1132.98398671529,98.5665931274363,"Vcmax","New",31
"1333",104.207319131534,200,0.647455606841291,61.9173482132183,86.1779899029186,34.8620214571742,"Vcmax","Old",32,101.753351566884,200,0.647475675818807,61.9178117318458,86.147193231868,34.8602343317629,"Vcmax","New",32
"55",86.5035330946188,75.040640260786,0.248414897016783,52.0731794325473,6859.68711866171,180.532443646397,"Vcmax","Old",33,74.7150083416118,135.784497333174,0.43677760298092,52.1832387730861,6680.67935614289,180.030042819686,"Vcmax","New",33
"1334",70.5022086060792,200,0.640330861548384,51.2952054400601,6603.38402978449,176.864492613843,"Vcmax","Old",33,68.0400002014086,200,0.640353755662652,51.290797083358,6603.40697830232,176.864558643788,"Vcmax","New",33
"210",242.946961549441,190.776063719134,0.652518477962083,81.8162500001829,1886.0406807127,114.421862430001,"Vcmax","Old",34,49.6015339989317,-190.686656819797,-0.652184818523949,81.8169307330929,1885.96158750767,114.42131724917,"Vcmax","New",34
"1335",75.8022885943538,200,0.6324158314221,81.2994399584294,2011.9795008462,112.697224101547,"Vcmax","Old",34,73.3255034109342,200,0.63245650064882,81.2974528372794,2012.24341877037,112.698929242186,"Vcmax","New",34
"20511",188.267056951106,149.517737253354,0.50809847454699,50.0302066438866,564.343524615574,53.2494818428971,"Vcmax","Old",35,185.746832899714,149.582999361332,0.508289972070219,50.0287465071982,564.324937435936,53.249284224054,"Vcmax","New",35
"1336",63.1695183147713,200,0.625649383060231,52.3712903997495,583.503228262099,51.658043365765,"Vcmax","Old",35,60.6795104278805,200,0.625709959868452,52.3719482155774,583.556887881691,51.6585951072105,"Vcmax","New",35
"2062",254.684973349961,250.231925735774,0.84540228298899,98.6674609530969,1384.15231510653,58.6325620355669,"Vcmax","Old",36,252.085742243846,250.222080185337,0.845342783099797,98.6597249422683,1383.78423907898,58.6309662936594,"Vcmax","New",36
"1337",22.266623850928,200,0.613294398705538,109.664275591526,1631.30691840585,57.8265640378296,"Vcmax","Old",36,19.7535437102692,200,0.6133959662734,109.669540161303,1631.96556847669,57.8289860853262,"Vcmax","New",36
"2056",54.235675875148,370.844098519875,1.18069185919843,98.0653095090222,0.0851868173143268,1.87484241466727,"Vcmax","Old",37,51.7316811417762,370.700326102259,1.18024814048916,98.0660413840226,0.0831324203622495,1.75278274967451,"Vcmax","New",37
"1338",75.6059761037862,200,0.643031789160402,97.2247900486655,418.258914365019,42.7604506852357,"Vcmax","Old",37,73.1118502645764,200,0.643045826307965,97.2337501040416,418.705773791768,42.7657897332927,"Vcmax","New",37
"1825",80.3980238078732,116.355145131867,0.37705990152618,110.574381927179,7527.60025568958,58.8210432263349,"Vcmax","Old",38,75.6261616859462,129.949205102276,0.419212865932951,109.893577376529,7432.90465063642,58.7577453160424,"Vcmax","New",38
"1339",69.6908369119189,200,0.639465290479453,107.266997945164,7050.79337260195,56.8844245425904,"Vcmax","Old",38,67.2013993785297,200,0.639480820353581,107.266091567434,7050.67679197113,56.884341869912,"Vcmax","New",38
"1911",109.354653937387,115.411164333222,0.381469798836173,122.312824655699,5280.40654974601,119.521278709925,"Vcmax","Old",39,106.867787311155,115.542025612449,0.381890617640561,122.31064230998,5280.24378510128,119.520908813058,"Vcmax","New",39
"1340",60.7018414715366,200,0.63108560812693,118.289398984453,5862.50044981451,118.291249472392,"Vcmax","Old",39,58.2187952492463,200,0.631114723523123,118.278738017385,5863.46451065165,118.293222654149,"Vcmax","New",39
"1341",57.4608643611534,200,0.626801092444758,111.628630849136,10051.7902606297,142.356790095705,"Vcmax","Old",40,54.9710845771354,200,0.626838540074938,111.620383343288,10053.2738134474,142.358856215903,"Vcmax","New",40
"2522",50.361268550913,560.957583804342,1.76820657580289,67.5041150245397,10567.4766544815,171.759467495665,"Vcmax","Old",41,47.8459595906177,560.249206225803,1.76598661733825,67.4998474517188,10568.5483978751,171.761191532011,"Vcmax","New",41
"1342",59.3453108334819,200,0.630166897397584,67.3684296951144,10913.4323240625,169.473880414484,"Vcmax","Old",41,56.8472997681583,200,0.630190789842302,67.3655130975473,10913.8578912716,169.474543313312,"Vcmax","New",41
"1932",49.7862821931133,4817.82211524372,15.2531310345679,70.4785124958904,1750.29946718563,106.270684364999,"Vcmax","Old",42,47.2498391715986,4804.67995884216,15.2115199908008,70.4802234724361,1752.64278780196,106.286739355087,"Vcmax","New",42
"1343",65.0295167182988,200,0.630736539340304,68.0664441064627,4066.25658579048,113.901008767515,"Vcmax","Old",42,62.5296145454759,200,0.630758663165626,68.0640389818098,4065.99186170391,113.900227510262,"Vcmax","New",42
"211",94.8090584626293,222.007191189161,0.707638749091557,51.5219313564509,10106.5799618859,127.311481913384,"Vcmax","Old",43,92.3088271724417,222.056911906855,0.707810913169688,51.5205844339996,10106.2261211848,127.311061774943,"Vcmax","New",43
"1344",99.3486084378663,200,0.63929192065437,51.7184076702383,10119.2383700411,124.841595760191,"Vcmax","Old",43,96.8661722024509,200,0.639311122228136,51.7184492403065,10118.9749471659,124.841283373475,"Vcmax","New",43
"1952",205.014211828664,170.781791402755,0.575851185761132,56.5749037127624,2985.62297834335,104.846476870865,"Vcmax","Old",44,202.335885349838,170.723702204887,0.575621591153216,56.571585929213,2985.6668048363,104.846638340645,"Vcmax","New",44
"1345",85.5085678500034,200,0.631471066267539,51.801580933961,3168.25357703798,103.101674543782,"Vcmax","Old",44,83.0220017624163,200,0.631497039093121,51.7964981475006,3168.51676975525,103.102588296288,"Vcmax","New",44
"2021",58.8200341714886,1580.91955988126,5.19236686851279,57.3063169236912,1004.70801976255,125.50679312883,"Vcmax","Old",45,56.3760410366917,1577.06029888952,5.17967907235668,57.3040093943186,1004.69388663589,125.506568056857,"Vcmax","New",45
"1346",61.7731408359734,200,0.644174236802138,57.3852955910093,1056.92494713569,123.544872040491,"Vcmax","Old",45,59.3564801161677,200,0.64422518114648,57.3869805507883,1056.90434722681,123.544560190766,"Vcmax","New",45
"1851",61.2238395275073,200.699103594585,0.63602553721705,74.6991592471205,5.7270565230522,22.9153938467335,"Vcmax","Old",46,58.7660031321256,200.409479146143,0.635139424847287,74.6963897035143,5.71108898720992,22.9014339384595,"Vcmax","New",46
"1347",61.2846369083254,200,0.633825619881879,74.7036366348101,5.72761186031863,21.3064407473453,"Vcmax","Old",46,58.801800570999,200,0.633850948250201,74.6990279257124,5.71128103558453,21.2921641595863,"Vcmax","New",46
"1933",75.0154937898724,205.376403317521,0.65810973237221,46.8302651057059,21.76603565728,29.5911391194596,"Vcmax","Old",47,72.5508416550925,205.341430846443,0.658020138523318,46.828750988133,21.7480333869593,29.5870020043281,"Vcmax","New",47
"1348",76.222028892002,200,0.641339268833548,46.8740028313238,21.8457984143458,27.9999904736199,"Vcmax","Old",47,73.7528647551793,200,0.641359477659988,46.872395659099,21.8271790138858,27.9957271046708,"Vcmax","New",47
"1944",70.376025518489,357.819727696037,1.1473716986027,59.3392236387059,4.54074024837645,21.7548355773726,"Vcmax","Old",48,67.9011532726794,357.585830182248,1.14664041950746,59.3353851435474,4.56164365310943,21.7778003761618,"Vcmax","New",48
"1349",93.9217287061785,200,0.649064616456142,62.5016158713811,226.948491688481,39.7035628339745,"Vcmax","Old",48,91.4408894429989,200,0.649077301186903,62.5049772275132,227.294051863815,39.7111702288982,"Vcmax","New",48
"1251",40,12,0.65,94.74474108,574.499809667983,20.4621952064755,"Vcmax","Old",49,40,14,0.65,94.74474108,574.434809891417,20.4619689106514,"Vcmax","New",49
"15",40,200,0.65,94.74474108,808.16650218192,20.4515847026366,"Vcmax","Old",49,40,200,0.65,94.74474108,759.846133176125,20.3282804068108,"Vcmax","New",49
"2073",53.0082180971036,468.522798805329,1.48579310471798,68.7941043555114,37.0715014126658,32.2536279242346,"Vcmax","Old",50,50.5490787193781,461.878331255254,1.46462888202016,68.788787933288,37.1510452919164,32.2643448712049,"Vcmax","New",50
"1351",59.5741550338376,200,0.632534883353003,69.1778058377255,43.6356208100647,31.4593164588926,"Vcmax","Old",50,57.089290073798,200,0.632561720119169,69.1734120126223,43.6333762489852,31.4590592586089,"Vcmax","New",50
"1912",61.2790857190415,418.390997514228,1.33017962801885,60.7196834593287,3.84158511933109,20.9188106966324,"Vcmax","Old",51,58.7981651442022,416.913511429433,1.32548838759157,60.7155594892308,3.82008641444157,20.8907505517676,"Vcmax","New",51
"1352",72.1775618583786,200,0.637533900798431,61.1759145731042,29.0229386902009,29.4203799527955,"Vcmax","Old",51,69.6960347359353,200,0.63755417825805,61.1734501643112,28.9474958193627,29.4073659200272,"Vcmax","New",51
"2012",68.2719624818323,307.30520108386,0.980221203289976,69.0796016359522,1.81012428801764,17.1563628837132,"Vcmax","Old",52,65.7989424871044,306.926550267239,0.979034438163146,69.0757347630344,1.79647158623775,17.1185078883928,"Vcmax","New",52
"1353",80.8748992130712,200,0.64178059763453,69.8673618090803,37.3713471161577,30.6844688741718,"Vcmax","Old",52,78.4023083968142,200,0.64179932749141,69.8655505069145,37.3340958699788,30.6794824571482,"Vcmax","New",52
"2063",70.7622608864313,198.293320788269,0.634566887570863,64.4827489595138,7.16746734613225,24.0371471467523,"Vcmax","Old",53,68.3089410751117,198.204948015756,0.634311847329584,64.4807841054019,7.18258713275263,24.0476835473198,"Vcmax","New",53
"1354",70.4386920344574,200,0.63990105122087,64.4615762492009,7.17621945553048,22.4338109504289,"Vcmax","Old",53,67.9674495348525,200,0.639921940575972,64.4584150749451,7.1923294472909,22.4450229375404,"Vcmax","New",53
"1355",63.0237478600468,200,0.632862730805953,82.7130778972689,34.7252548828356,30.3172835628723,"Vcmax","Old",54,60.5363285116057,200,0.632887868430127,82.7091159377395,34.5811795442695,30.2964953709393,"Vcmax","New",54
"4011",40,40,0.65,35.28710658,2.01948391736579e-28,-60.9316635451056,"Vcmax","Old",55,40,42,0.65,35.28710658,0.0102472467196042,-1.74286915579277,"Vcmax","New",55
"1356",40,200,0.65,35.28710658,38.8626709011216,6.49791123936889,"Vcmax","Old",55,40,200,0.65,35.28710658,44.5833624523133,6.63523781665314,"Vcmax","New",55
"1887",58.9641938037776,465.050396913905,1.471117451691,71.5413894159703,4.01741397292981,21.1425773586216,"Vcmax","Old",56,56.4796844711875,459.779185365443,1.45433271165709,71.5363480603198,3.99068841888501,21.1092040924494,"Vcmax","New",56
"1357",62.7796091116091,200,0.628093628449988,71.7419399102237,8.5853977522771,23.3302615413675,"Vcmax","Old",56,60.2904791581711,200,0.628130133262889,71.7376339843329,8.51690595060371,23.2902130373537,"Vcmax","New",56
"2182",161.491773774285,158.923046593129,0.535976966353317,74.6792123359926,51.5768948656992,33.9047543234781,"Vcmax","Old",57,158.946614983948,158.974138061666,0.536125176579724,74.6791031817089,51.5311566904685,33.9003183771538,"Vcmax","New",57
"1358",57.8360078940048,200,0.635600197133228,69.8621457544383,227.020711201342,39.7051536800718,"Vcmax","Old",57,55.3648092060315,200,0.635627281505987,69.8563450570096,227.26494148185,39.7105298195689,"Vcmax","New",57
"23",40,23,0.65,122.876147793333,2136.75538995153,33.7119871301926,"Vcmax","Old",58,40,26,0.65,122.876147793333,2134.9308798877,33.7094244277006,"Vcmax","New",58
"1359",64.291789018897,200,0.63117985207512,78.6024169328764,2.11322836080991e-23,-147.021477507674,"Vcmax","Old",58,61.8067101595867,200,0.63122049696029,78.6036498798494,3.2809747411875e-23,-145.701706262376,"Vcmax","New",58
"2057",56.3149065087932,210.752880712056,0.665549062425999,68.4380305533255,6.89163698463591,23.8409285584825,"Vcmax","Old",59,53.8535614217354,210.304143302533,0.664161373148638,68.4351891464437,6.87445527433367,23.8284473699935,"Vcmax","New",59
"1360",56.9830725373356,200,0.631645447707187,68.4846887164668,6.95756659992423,22.279096353438,"Vcmax","Old",59,54.4979666226699,200,0.631674164021153,68.4802209742043,6.93556363262429,22.2632590400842,"Vcmax","New",59
"1361",61.7359107084613,200,0.636394949460237,89.8423805107246,17.9992065245539,40.5677197856007,"Vcmax","Old",60,59.2830542061334,200,0.636437234555743,89.8362003316354,18.0969246126961,40.6164488274137,"Vcmax","New",60
"1362",46.8868132289408,200,0.514318978590364,76.5906677990133,144.62746726824,54.1785403256069,"Vcmax","Old",61,44.4944677989735,200,0.516681828587119,76.62424614171,144.546884314533,54.1740816753648,"Vcmax","New",61
"1923",62.7008600324689,607.171381247127,2.08084104019442,0.372723520390823,42.1819991342322,46.400640460146,"Vcmax","Old",62,60.2419665787068,633.099618881259,2.17038483359831,0.273178809388468,42.0061706044038,46.3672241193895,"Vcmax","New",62
"1363",64.9397196419549,200,0.675821087746728,29.7857099936573,45.9668244513347,45.0086097942684,"Vcmax","Old",62,62.5987662769702,200,0.675845277265826,29.7784137498183,45.962121895942,45.0077913264262,"Vcmax","New",62
"1364",45.4100455270563,200,0.527991565674194,52.7075856978363,120.161090820223,84.6121027746017,"Vcmax","Old",63,43.0295778888004,200,0.521612637082949,52.7434911098651,120.109791625485,84.6056976045293,"Vcmax","New",63
"1924",56.919907092835,11877.423552834,39.8316313540213,59.5348598284513,339.49581216304,128.370789457177,"Vcmax","Old",64,54.5094502653243,11718.4616250207,39.2984664744188,59.5596299700295,339.175419051946,128.351905902362,"Vcmax","New",64
"1365",59.2044921059847,200,0.65923610004701,77.2230834831216,830.664026440762,143.270333207165,"Vcmax","Old",64,56.8276944299564,200,0.659271287416095,77.2220400890933,830.541131056253,143.267374020958,"Vcmax","New",64
"2161",112.203586774453,101.430693955885,0.342289377273273,64.6293602600059,379.039477024961,63.9658147916254,"Vcmax","Old",66,109.769783882255,101.566944614284,0.342735713630197,64.6302165544533,379.022492162902,63.9654563014175,"Vcmax","New",66
"1367",60.9803530164823,200,0.639121334757077,62.6678850031001,404.950142542925,62.4153620021253,"Vcmax","Old",66,58.5262474270554,200,0.63915410133459,62.6639495903657,405.012861542457,62.4166009525335,"Vcmax","New",66
"1368",48.6039780166713,200,0.640847721642811,43.7468478228247,160.569604941629,43.9161086052524,"Vcmax","Old",67,46.1545462063301,200,0.640885085095426,43.7461294010087,160.571079466752,43.916163703539,"Vcmax","New",67
"22",40,22,0.65,119.852953323333,3481.19473618575,35.1762482631002,"Vcmax","Old",68,40,24,0.65,119.852953323333,3479.67587970017,35.1749390678054,"Vcmax","New",68
"1369",98.0375694795057,200,0.64284210745189,62.0047569156707,3.43514214343921e-25,-159.379463569461,"Vcmax","Old",68,95.5616469998832,200,0.6428587631654,62.0048071408434,1.15883035888242e-24,-155.731649652309,"Vcmax","New",68
"1370",50.4020100740069,200,0.633354422025115,108.090346816637,6251.14581837634,101.968460674805,"Vcmax","Old",69,47.9421957145034,200,0.633400046163818,108.084133783285,6251.50312374707,101.969032242275,"Vcmax","New",69
"96",32.4131234734315,371.389033478084,1.18613617481771,77.4456677599799,4916.67602219241,110.333543828798,"Vcmax","Old",70,30.0132604262225,2056.76560367527,6.58750852745865,76.7399347649989,4079.97511020126,108.281583930039,"Vcmax","New",70
"1371",43.7185915074225,200,0.640729385738271,78.914499505797,5342.3037938133,108.848915691704,"Vcmax","Old",70,41.2365879256208,200,0.640744785620433,78.9121329244081,5342.05988978608,108.848413472877,"Vcmax","New",70
"2103",82.8404080564605,59.1257209603964,0.200324553191802,17.3482949658525,423.192416129347,83.3553726546393,"Vcmax","Old",71,80.4470707651276,59.3654352304969,0.201099693118617,17.348814646911,423.184298277439,83.3551616460671,"Vcmax","New",71
"1372",45.8107168715501,200,0.609119486590761,16.7076949975361,430.268262070384,81.139878494804,"Vcmax","Old",71,43.3813343657242,200,0.609709251298354,16.706009765572,430.367421305331,81.1424132527981,"Vcmax","New",71
"2074",53.5631880461114,615.912599914171,1.9969883065725,63.5595798717509,339.823061433552,92.1423329734659,"Vcmax","Old",72,51.1037226772467,615.070973742274,1.9942662815134,63.553320431353,339.66786859251,92.1363946838451,"Vcmax","New",72
"1373",57.4510900291462,200,0.641780869370256,64.3908588788063,377.788599923984,90.9542097824669,"Vcmax","Old",72,55.0102381346512,200,0.641815801312099,64.3884339504833,377.653476059581,90.9495592333068,"Vcmax","New",72
"1863",184.063361268241,183.835130152888,0.631917883414033,69.6729380884114,126.284036532726,44.2667046979464,"Vcmax","Old",73,181.649134449409,183.92461552061,0.632216138256267,69.6723850236645,126.258785537355,44.265504854122,"Vcmax","New",73
"1374",89.589729976142,200,0.661955440334698,71.1378889139585,177.53770949963,44.5188416654211,"Vcmax","Old",73,87.2080068036443,200,0.661978463869648,71.1402419533663,177.54956433282,44.5192422936858,"Vcmax","New",73
"1936",72.8111135716609,188.02786962628,0.620153391713831,92.4353605377369,347.968566165152,56.9381042068365,"Vcmax","Old",74,70.4385157625977,187.997104745475,0.620080189990873,92.4377616987444,347.959414976009,56.9379201121435,"Vcmax","New",74
"1375",71.2472786620703,200,0.658776034142239,92.6776367565144,348.596772146162,55.0048201326587,"Vcmax","Old",74,68.8657253243547,200,0.658800690622265,92.6817117581554,348.594021595044,55.0047648999792,"Vcmax","New",74
"1376",55.6400731965615,200,0.627559054605893,25.1819405123194,13.5068394593365,25.5959283384624,"Vcmax","Old",75,53.2018771616743,200,0.627682653714802,25.1794438197021,13.4848519874229,25.5877823218186,"Vcmax","New",75
"1377",100.619791648025,200,0.634660872776215,17.7589888698506,32.1994771420306,29.9396984925796,"Vcmax","Old",76,98.1208660045619,200,0.634679515540037,17.7595991506513,32.1789323972724,29.9365072448301,"Vcmax","New",76
"2006",540.670296698735,468.922980716141,1.58108312580363,20.4079599356248,126.112545776268,38.375258975617,"Vcmax","Old",77,538.025478713155,468.854303827028,1.58083066068999,20.4077504136919,126.053012420888,38.372898091882,"Vcmax","New",77
"1378",98.9443208919948,200,0.626552738152584,20.3663191478176,178.632361531379,38.5065966576771,"Vcmax","Old",77,96.4458029191411,200,0.626588051673441,20.36579195055,178.664214263879,38.50748815048,"Vcmax","New",77
"1831",99.0085824960886,333.956399157468,1.05479967311317,16.4755755327393,36.3730003452631,32.1585190853191,"Vcmax","Old",78,106.269900544221,116.894815604253,0.369671646970814,17.0281860918567,49.5889725705854,33.7082277410797,"Vcmax","New",78
"1379",105.741913719555,200,0.631547357460117,16.4401158908824,41.1332455362196,31.1640308613586,"Vcmax","Old",78,103.238502400282,200,0.631569061275577,16.4408842225894,41.1064249650096,31.1607695919496,"Vcmax","New",78
"1380",172.843882643014,200,0.645910406973544,12.8894791526112,240.605848458703,39.9957479748804,"Vcmax","Old",79,170.298134457108,200,0.645913962718266,12.8948218156193,240.67785730671,39.9972441578528,"Vcmax","New",79
"2059",72.9069125486846,1048.74256059358,3.38037151282582,95.0818251336906,4466.21164901139,149.376290277232,"Vcmax","Old",80,70.3934703077856,1048.43110470627,3.37937212374347,95.0851510266511,4463.83177014789,149.367762197148,"Vcmax","New",80
"1381",88.2096766001729,200,0.643905326651614,97.439280497807,9030.13464324953,157.868129307012,"Vcmax","Old",80,85.7181324623174,200,0.643916078835077,97.4427228902781,9029.83131547306,157.867591848145,"Vcmax","New",80
"1921",441.981886005169,416.366524002048,1.38221389377001,10.2100325924943,1.36981594114922e-24,-207.051660775518,"Vcmax","Old",81,438.51459347744,415.5136856068,1.37937841080974,10.2508180912443,4.2207213872945e-25,-211.760682439467,"Vcmax","New",81
"1382",68.2111147270596,200,0.628162814333937,39.1470773542344,31.8020253040027,25.1896281718902,"Vcmax","Old",81,65.6900954043783,200,0.628183497823916,39.1541488933021,31.8205034456379,25.1919516434677,"Vcmax","New",81
"1383",164.289173489658,200,0.649627519112496,13.7765462159613,2406.64407089439,60.1596747860978,"Vcmax","Old",82,161.739027172383,200,0.649629392240334,13.7809169966138,2407.53735138925,60.161901408886,"Vcmax","New",82
"1384",81.093639735129,200,0.623278469784075,12.476666196751,9.70462072140782,27.0793562706973,"Vcmax","Old",83,78.5905429779759,200,0.623324855729664,12.4769215865943,9.70514079814633,27.0796778058618,"Vcmax","New",83
"1881",103.411574401692,537.001135144723,1.7092101215525,19.2933005206525,220.27718460792,41.1638187487595,"Vcmax","Old",84,112.3448376103,173.119571040131,0.553067664709155,20.2297385234822,287.874740594247,42.5020126172213,"Vcmax","New",84
"1385",114.830058827805,200,0.638120229479562,19.6594975151413,273.852190610922,40.6428899721491,"Vcmax","Old",84,112.322823976177,200,0.638133558661802,19.6617989127684,273.803960976023,40.6420093167436,"Vcmax","New",84
"2131",307.345798010856,249.132710624555,0.844112559798949,32.6019001148792,619.709714441533,60.978077327946,"Vcmax","Old",85,304.801305457666,249.170517413845,0.844215396305152,32.603826367202,619.571245981514,60.9765130672898,"Vcmax","New",85
"1386",85.8405087536117,200,0.62636618532871,32.1036697751157,730.135021079113,60.1800153596515,"Vcmax","Old",85,83.3467691034008,200,0.62640466562321,32.1018542509122,730.294852091676,60.1815475346816,"Vcmax","New",85
"2414",249.640643644443,236.308947054588,0.78791473497298,21.8597330133127,0.90208642015936,13.6741605619485,"Vcmax","Old",86,247.054233695466,236.317844033066,0.78792958281785,21.8588627968271,0.904389584409935,13.6869100559506,"Vcmax","New",86
"1387",200.067725956078,200,0.662743889119553,21.9729520389648,3.80539908148525,19.2620517658763,"Vcmax","Old",86,197.449104546936,200,0.662725393380142,21.9737518468154,3.8208861906211,19.2823593335488,"Vcmax","New",86
"2472",81.1097041708587,538.192081288559,1.71176412371222,19.7372569190672,3.85453703224135,20.9356398540739,"Vcmax","Old",88,78.621514382073,534.520554735739,1.70006374907239,19.7366111127498,3.85706532100872,20.9389184059781,"Vcmax","New",88
"1388",95.9409344548355,200,0.637856733602577,19.5054920679262,6.21070672633093,21.7113208897741,"Vcmax","Old",88,93.4527122637392,200,0.637875057850203,19.50559308695,6.20841819836644,21.7094781448107,"Vcmax","New",88
"1864",107.776330407122,1038.69127976602,3.30762733474682,26.0229827524008,1966.75142878584,69.0622882445118,"Vcmax","Old",89,105.254601037866,1037.84042586722,3.30492471638951,26.0239662552224,1966.6277251643,69.061847948615,"Vcmax","New",89
"1389",130.403072904431,200,0.642320144136056,26.4165530381757,2068.7213745012,67.4702110312131,"Vcmax","Old",89,127.911715277145,200,0.642335201214058,26.4191829412386,2068.72263978995,67.4702153126106,"Vcmax","New",89
"1892",542.249822376299,493.900877768608,1.65780002749441,23.7671742870509,585.984706177077,46.0558537848593,"Vcmax","Old",90,539.756305736906,493.978352029598,1.65804730172875,23.7652257112234,585.682046623122,46.0532706309039,"Vcmax","New",90
"1390",82.7824612795003,200,0.625083409208699,28.0661043424235,905.173602903358,46.6205811781933,"Vcmax","Old",90,80.293352404586,200,0.625133242101935,28.0644908484121,905.373994168734,46.6216879774099,"Vcmax","New",90
"1993",473.493706321196,438.944431590204,1.53225951733778,42.7951810492022,289.170004325927,84.6643554334816,"Vcmax","Old",91,470.006476970067,437.977829615989,1.52886238423173,42.7935736539803,289.249512545808,84.6676544184459,"Vcmax","New",91
"1391",53.087610057074,200,0.637065801835972,42.2004769774623,347.877459174851,84.3974750660642,"Vcmax","Old",91,50.6427958683554,200,0.637105426675674,42.1970013743313,347.990165043276,84.4013622146707,"Vcmax","New",91
"1392",66.7050793285948,200,0.629621561228179,79.6282815692067,24.5867052019601,32.656978607423,"Vcmax","Old",92,64.2310255177579,200,0.629658863980403,79.6133018644343,24.4670758950817,32.627713696617,"Vcmax","New",92
"225",62.3973009202649,128.980292937122,0.399991399697134,88.2411047804283,38.4683451301965,37.1345171213549,"Vcmax","Old",93,59.9885697028619,128.27022753735,0.397855337794452,88.2365107376688,38.4669287206545,37.1342961964962,"Vcmax","New",93
"1393",59.8863769918037,200,0.623099106489187,87.6109813720102,41.224037816915,35.7578726302644,"Vcmax","Old",93,57.4132569534407,200,0.623168146232399,87.5910848312974,41.3291306442709,35.7731490228371,"Vcmax","New",93
"1874",49.6128440348701,493.55448406395,1.59027002970707,89.3694249247498,453.682965346124,90.068961927086,"Vcmax","Old",94,47.1543090768978,492.04311652523,1.58539374115127,89.362736110387,453.65729354413,90.0682828838693,"Vcmax","New",94
"1394",54.2976473032885,200,0.639821143012791,90.7190096986055,493.909087718341,88.6034892061236,"Vcmax","Old",94,51.8490912579084,200,0.639855133022682,90.714138495804,493.767433320853,88.6000470816116,"Vcmax","New",94
