,Ea_o,Hd_o,dS_o,k25_o,residual_o,BIC_o,Parameter,MA,ID,Ea,Hd,dS,k25,residual,BIC,Parameter,MA,ID
242,60.97130523,464.4966019,1.488396683,49.14174183,23.98770368,34.30075104,Jmax,Old,1,58.4774436,463.783146,1.486112149,49.14153927,23.97459348,34.29747092,Jmax,New,1
11,65.90526858,200,0.635154899,49.1788349,25.61981345,32.90393955,Jmax,Old,1,63.42553658,200,0.63518495,49.17861286,25.60776916,32.90111819,Jmax,New,1
2421,60.97130523,464.4966019,1.488396683,49.14174183,23.98770368,34.30075104,Jmax,Old,2,58.4774436,463.783146,1.486112149,49.14153927,23.97459348,34.29747092,Jmax,New,2
111,65.90526858,200,0.635154899,49.1788349,25.61981345,32.90393955,Jmax,Old,2,63.42553658,200,0.63518495,49.17861286,25.60776916,32.90111819,Jmax,New,2
113,87.53891029,200,0.636347306,37.45162529,405.782972,49.47865425,Jmax,Old,3,85.05841039,200,0.63637412,37.451807,405.7969846,49.47886144,Jmax,New,3
114,87.53891029,200,0.636347306,37.45162529,405.782972,49.47865425,Jmax,Old,4,85.05841039,200,0.63637412,37.451807,405.7969846,49.47886144,Jmax,New,4
212,19.19651981,255.0727203,0.803120962,198.4783719,25626.12451,205.5735029,Jmax,Old,5,16.73387254,254.4442038,0.80117371,198.4509247,25619.46578,205.5685653,Jmax,New,5
115,20.73214522,200,0.62908237,199.8370463,25725.8712,202.7028757,Jmax,Old,5,18.26367904,200,0.629125308,199.8040288,25717.94433,202.6970203,Jmax,New,5
254,20.95310773,767.957444,2.433139889,166.6822886,15280.20945,195.7494802,Jmax,Old,6,18.45432408,767.4677753,2.431604174,166.6363508,15284.11361,195.7543341,Jmax,New,6
116,28.89608596,200,0.633674434,172.4838154,18308.11317,196.2399717,Jmax,Old,6,26.42697456,200,0.633703326,172.4591902,18306.77112,196.2385788,Jmax,New,6
1972,43.0622503,176.6185534,0.569075099,135.6816598,58.87263546,39.68776127,Jmax,Old,7,40.66304883,176.5035622,0.568748942,135.6958787,58.93074257,39.69368033,Jmax,New,7
119,39.23049618,200,0.642210329,132.4101729,69.33437062,38.87738797,Jmax,Old,7,36.79427482,200,0.642238662,132.3947698,69.56981127,38.89772782,Jmax,New,7
1110,24.65287422,200,0.627337868,89.95375645,3.43E-26,-166.288983,Jmax,Old,8,22.15926046,200,0.627379324,89.95603611,3.64E-27,-173.0252631,Jmax,New,8
40,40,40,0.65,64.94138384,7.27E-27,-57.34814461,Jmax,Old,9,40,42,0.65,64.94138384,0.031506237,-0.619692683,Jmax,New,9
1111,40,200,0.65,64.94138384,28.30630062,6.180961483,Jmax,Old,9,40,200,0.65,64.94138384,39.59293738,6.51652782,Jmax,New,9
200,726.6476636,699.5308192,2.379417688,201.3215228,3938.393823,131.8781586,Jmax,Old,10,722.7955804,698.2112396,2.374932835,201.3327759,3939.076713,131.8805859,Jmax,New,10
1112,48.70908424,200,0.637587069,189.044309,4336.304038,130.5865929,Jmax,Old,10,46.23602942,200,0.637613988,189.0402756,4336.829855,130.5882904,Jmax,New,10
205,105.3402145,153.4770407,0.531492592,110.1283387,184.3661323,52.49178458,Jmax,Old,11,102.9540751,153.5932307,0.531883452,110.1226376,184.551596,52.49882271,Jmax,New,11
1113,39.62255745,200,0.661698486,120.9029723,386.2066596,55.72201731,Jmax,Old,11,37.25281603,200,0.661724761,120.9071646,386.6716875,55.73044088,Jmax,New,11
248,67.16364347,101.0610639,0.331913582,127.4256467,79.58498607,36.07351262,Jmax,Old,12,64.77827134,101.2002138,0.332398678,127.429163,79.48364689,36.06714184,Jmax,New,12
1114,43.10504173,200,0.63571672,120.3143157,220.3021086,39.55494655,Jmax,Old,12,40.65957938,200,0.635751954,120.2935816,221.0441831,39.57176044,Jmax,New,12
1841,28.88409391,913.580904,2.916402232,78.66443871,163.7346337,39.68062048,Jmax,Old,13,26.31010025,718.7376207,2.292840946,78.67214956,163.7746083,39.68184105,Jmax,New,13
1115,35.2417677,200,0.636016373,78.62044476,167.7749149,38.19306386,Jmax,Old,13,32.75636001,200,0.636038358,78.62100448,167.7698575,38.19291314,Jmax,New,13
2052,54.54261432,491.9477191,1.586015736,125.9156367,3662.532134,98.92494547,Jmax,Old,14,52.04122138,491.9403745,1.585998969,125.9121685,3661.142255,98.92114989,Jmax,New,14
1116,72.11338689,200,0.652154291,135.8017921,11057.7251,107.6721058,Jmax,Old,14,69.60233631,200,0.652158381,135.8033227,11063.14083,107.6770023,Jmax,New,14
204,665.2052355,670.2546584,2.334725687,102.1996937,295.2070919,55.78705898,Jmax,Old,15,661.304793,668.8306051,2.329768109,102.1945684,295.2458754,55.78797856,Jmax,New,15
1117,21.22692575,200,0.654789473,106.4188785,451.2490511,56.81154487,Jmax,Old,15,18.8170924,200,0.654815076,106.4219439,451.3722821,56.81345623,Jmax,New,15
117,99.11723771,106.8081147,0.365694872,180.0947223,690.4964483,88.74079521,Jmax,Old,16,96.46486135,106.7901077,0.365571793,180.0954688,690.3682537,88.73875281,Jmax,New,16
1118,16.77660613,200,0.62288609,176.59212,1055.985954,91.01591262,Jmax,Old,16,14.28368988,200,0.622936981,176.5820339,1057.858825,91.03540466,Jmax,New,16
1842,19.94394612,4874.955527,15.46664434,137.5740485,6678.766813,113.7028511,Jmax,Old,17,17.42005434,4872.251247,15.45807543,137.57345,6676.797728,113.6996076,Jmax,New,17
1119,23.28096372,200,0.62902394,139.7729056,9694.983472,115.4043833,Jmax,Old,17,20.78557022,200,0.629051968,139.7671818,9695.103238,115.4045192,Jmax,New,17
245,82.64295812,122.0074829,0.404951398,58.99575055,1209.584021,80.63428145,Jmax,Old,18,80.16027778,122.1303747,0.405347408,58.99494328,1209.526833,80.63385592,Jmax,New,18
1120,34.55939946,200,0.636776852,56.29177968,1317.70752,79.20760972,Jmax,Old,18,32.10458857,200,0.636809692,56.28763423,1317.74061,79.20783572,Jmax,New,18
2541,38.07187446,444.7414009,1.412098793,159.9891571,290.6394368,73.5866797,Jmax,Old,19,35.57078294,444.1946386,1.410374274,159.9788326,290.6632807,73.58750006,Jmax,New,19
1121,47.23988764,200,0.635703959,161.4786257,544.1361816,77.5552556,Jmax,Old,19,44.75488094,200,0.635725371,161.4719266,543.7529915,77.54821095,Jmax,New,19
1122,23.27618203,200,0.627171566,153.4927854,2045.726808,83.16634642,Jmax,Old,20,20.79044514,200,0.627215948,153.4864827,2045.598193,83.16578058,Jmax,New,20
198,33.48223111,232.9475368,0.740956827,161.9394934,3378.88035,129.7329584,Jmax,Old,21,31.02944477,232.6108886,0.739918572,161.9313637,3378.536475,129.7315335,Jmax,New,21
1123,36.33594958,200,0.637319667,163.3993017,3409.32004,127.2194597,Jmax,Old,21,33.86828959,200,0.63734449,163.3831618,3408.591049,127.2164659,Jmax,New,21
214,16.75800468,7520.670625,23.92820839,127.7688672,6934.610525,156.4160398,Jmax,Old,22,14.2479961,7501.046173,23.86576606,127.7393032,6937.074904,156.4217248,Jmax,New,22
1124,25.04666876,200,0.630811923,130.9241483,7527.321765,154.9556817,Jmax,Old,22,22.56948888,200,0.630845096,130.9079388,7525.356903,154.9515047,Jmax,New,22
2461,125.103799,252.304833,0.83070989,140.7947027,1253.210483,41.27165832,Jmax,Old,23,115.7278946,258.5648232,0.849653536,140.649632,1212.390596,41.13920018,Jmax,New,23
1125,99.80281938,200,0.658983464,149.9390421,1758.971065,41.24144545,Jmax,Old,23,97.27996269,200,0.658984414,149.9512582,1759.855597,41.24345642,Jmax,New,23
1824,657.7727973,648.0661177,2.180126449,97.43396879,953.7562391,63.99617604,Jmax,Old,24,643.1535287,636.0448445,2.139778181,97.43522836,953.8282059,63.99670421,Jmax,New,24
1126,51.55877207,200,0.635837302,105.0503708,1223.781457,63.79531531,Jmax,Old,24,49.07350721,200,0.635859401,105.0497128,1223.969095,63.79638851,Jmax,New,24
1127,72.36163977,200,0.642323158,40.9011548,1.87E-27,-175.0225077,Jmax,Old,25,69.88763677,200,0.642341194,40.9011548,3.23E-27,-173.3786122,Jmax,New,25
220,40.53416387,268.3552699,0.86694137,44.39911088,510.4625215,97.43193086,Jmax,Old,26,38.07772254,268.2303899,0.866555696,44.39807652,510.4235823,97.43093915,Jmax,New,26
1128,47.66651902,200,0.647925005,44.81973149,516.28021,95.01430324,Jmax,Old,26,45.21561693,200,0.647943105,44.81887192,516.2421982,95.01334606,Jmax,New,26
1884,51.60708838,153.4265049,0.492581552,124.0944088,18.46831612,28.76966844,Jmax,Old,27,49.20995505,153.304743,0.492240443,124.0972423,18.38358879,28.7466771,Jmax,New,27
1129,46.16227385,200,0.638647822,121.3569566,36.24876553,30.53197405,Jmax,Old,27,43.7200592,200,0.638678527,121.3386009,36.43678087,30.55784106,Jmax,New,27
2481,72.28744534,130.7233579,0.430381298,155.619524,385.2930293,57.65134829,Jmax,Old,28,69.88462792,130.8492966,0.430813639,155.625244,385.0555531,57.64703249,Jmax,New,28
1130,45.20346845,200,0.641690703,143.0134111,858.7079649,61.31541127,Jmax,Old,28,42.77561313,200,0.641722826,142.9993441,859.9492442,61.3255226,Jmax,New,28
68,63.55388367,126.1997775,0.403470908,206.8487593,3.23E-27,-231.2500049,Jmax,Old,29,61.13362738,126.194956,0.403500456,206.8487593,3.23E-27,-231.2500049,Jmax,New,29
1131,50.8712337,200,0.632234822,202.7482457,30.81106474,25.06300375,Jmax,Old,29,48.38688729,200,0.63226163,202.7284458,31.10358975,25.10080122,Jmax,New,29
228,208.2822712,221.899549,0.751166142,307.9231861,3.34E-25,-212.701392,Jmax,Old,30,205.4540374,221.6746751,0.75037068,307.8523331,9.37E-26,-217.7808216,Jmax,New,30
1132,58.82111635,200,0.641892774,249.9187193,1809.905883,41.35562876,Jmax,Old,30,56.37821945,200,0.641920108,249.8964359,1810.302565,41.35650536,Jmax,New,30
244,35.87025933,219.047255,0.707946232,162.8674716,1702.438072,105.9379782,Jmax,Old,31,33.4174104,219.0324696,0.707918269,162.8647159,1702.798389,105.9405177,Jmax,New,31
1133,40.84664305,200,0.648253075,164.3078662,1720.321728,103.5784708,Jmax,Old,31,38.40161835,200,0.648273619,164.3070506,1720.725095,103.5812842,Jmax,New,31
1134,56.23769831,200,0.640022465,105.2481048,122.0686538,30.56984276,Jmax,Old,32,53.77158888,200,0.640044203,105.2400568,121.8145497,30.56150748,Jmax,New,32
1901,60.7977065,105.6981818,0.343497473,66.97971135,3451.905658,122.2796694,Jmax,Old,33,58.86564496,102.470514,0.333492832,66.9832012,3468.575259,122.3422966,Jmax,New,33
1135,52.0044871,200,0.642449066,65.51309681,3154.892739,118.5450848,Jmax,Old,33,49.54464467,200,0.642469125,65.50720447,3154.449766,118.5432593,Jmax,New,33
2061,33.64067495,570.3449673,1.829873322,166.720115,4741.410816,126.4059771,Jmax,Old,34,31.14637104,569.1802943,1.826129805,166.715873,4741.63794,126.4065999,Jmax,New,34
1136,41.68956701,200,0.637229674,167.1481856,4803.478221,124.0101,Jmax,Old,34,39.21255028,200,0.637254953,167.1452569,4803.423756,124.0099526,Jmax,New,34
1961,371.2321489,355.0228968,1.199966072,80.20400363,792.9571865,47.56823149,Jmax,Old,35,368.4613588,354.8116804,1.199239986,80.20329879,792.8879445,47.56779486,Jmax,New,35
1137,42.21775926,200,0.63203402,85.68297823,899.6898358,46.5901978,Jmax,Old,35,39.74239477,200,0.632075978,85.6807318,899.8044247,46.59083459,Jmax,New,35
2003,64.26983445,133.7966568,0.440790243,171.8817038,5550.921225,66.96581801,Jmax,Old,36,61.77793039,133.9158806,0.441175367,171.8798963,5550.758731,66.96564236,Jmax,New,36
1138,6.078959123,200,0.632530318,177.8959058,5787.214785,65.42418196,Jmax,Old,36,3.596691446,200,0.632560988,177.8945215,5787.317344,65.42428829,Jmax,New,36
2121,4.181163921,1860.44076,5.90688363,176.9880105,518.0471452,45.43971659,Jmax,Old,37,1.646616983,1858.482504,5.900669241,177.0022285,519.7165217,45.45580289,Jmax,New,37
1139,33.71852294,200,0.638686234,166.5655352,944.6196215,46.83385907,Jmax,Old,37,31.22870369,200,0.638703561,166.5688893,944.7255502,46.83441973,Jmax,New,37
124,22.53815615,2766.956246,8.868846489,167.0418142,18.68540281,28.82809844,Jmax,Old,38,20.03685457,2760.982846,8.849708829,167.0301301,18.55245591,28.7923962,Jmax,New,38
1140,39.34598376,200,0.641789221,171.0686391,4339.015657,54.45696139,Jmax,Old,38,36.86518921,200,0.641804882,171.0638072,4339.004076,54.45694805,Jmax,New,38
2482,120.2379923,144.8332909,0.481418331,227.5524144,10141.58008,118.2976661,Jmax,Old,39,117.7444303,144.9434969,0.481772158,227.5505181,10140.43063,118.2964193,Jmax,New,39
1141,49.6188551,200,0.634685515,219.9348743,12788.4997,118.4506983,Jmax,Old,39,47.1417883,200,0.634711251,219.9206362,12790.4628,118.4523867,Jmax,New,39
1142,41.15181258,200,0.630924772,201.3379698,7587.695271,129.9535389,Jmax,Old,40,38.6651723,200,0.630953311,201.3246593,7588.737875,129.955325,Jmax,New,40
79,95.46503069,107.1547549,0.357032537,97.52941164,7451.172552,157.5655841,Jmax,Old,41,92.96035637,107.2795572,0.357424602,97.52898102,7451.150579,157.565537,Jmax,New,41
1143,38.50799149,200,0.62692488,94.87352595,7665.318608,155.2463501,Jmax,Old,41,36.01218941,200,0.62695664,94.86736276,7666.233671,155.24826,Jmax,New,41
1144,32.92460761,200,0.620433786,92.60281607,1883.476872,82.42264344,Jmax,Old,42,30.42749215,200,0.620491243,92.59483226,1883.946838,82.42488884,Jmax,New,42
1904,54.2979412,148.1137249,0.469744979,79.31135781,2955.395783,104.7345425,Jmax,Old,43,51.83653903,148.1001007,0.469735963,79.30951741,2955.346805,104.7343602,Jmax,New,43
1145,46.73746247,200,0.630651226,78.97082853,2967.609283,102.3820123,Jmax,Old,43,44.24368919,200,0.630676667,78.9671387,2967.631845,102.3820959,Jmax,New,43
1963,224.6646487,218.2715886,0.736076777,80.1562951,604.1268942,74.38605368,Jmax,Old,44,221.9490885,218.1607179,0.735677055,80.15442311,604.1000646,74.38565398,Jmax,New,44
1146,54.54858022,200,0.631451868,75.88318258,847.1437078,75.23160383,Jmax,Old,44,52.05642952,200,0.63147653,75.8798476,847.4114967,75.23444836,Jmax,New,44
1975,73.82218031,358.2326165,1.189789762,148.0965169,1349.320979,58.47964353,Jmax,Old,45,71.40376958,358.2489257,1.189852516,148.1026455,1348.891386,58.47773296,Jmax,New,45
1147,83.84375757,200,0.67138669,127.3227724,2130.485735,59.42837512,Jmax,Old,45,81.41473943,200,0.67139389,127.3100947,2131.389464,59.43091972,Jmax,New,45
2412,46.09330636,153.9478509,0.48651375,134.517131,31.72904719,31.47554821,Jmax,Old,46,43.66935918,153.5967612,0.485454325,134.516442,31.77421187,31.4826604,Jmax,New,46
1148,42.31662161,200,0.631101188,133.8393971,34.72771448,30.3176377,Jmax,Old,46,39.8346527,200,0.631132887,133.8288175,34.85491144,30.33591771,Jmax,New,46
2024,44.24682282,262.8628505,0.833205082,83.38081157,1.640580563,16.66463624,Jmax,Old,47,41.78188855,262.1865744,0.831083309,83.3775374,1.651945124,16.69915262,Jmax,New,47
1149,48.10877434,200,0.63452091,83.75746656,4.518104461,20.12041011,Jmax,Old,47,45.62663704,200,0.634545347,83.75272134,4.495159864,20.09495358,Jmax,New,47
2025,44.96983649,426.1533601,1.363957808,107.3716807,6.190428544,23.30440691,Jmax,Old,48,42.49396835,425.6006959,1.362209233,107.3636526,6.240793271,23.34492184,Jmax,New,48
1150,65.84519997,200,0.646737077,112.2249312,508.8413591,43.7406289,Jmax,Old,48,63.37421545,200,0.646752216,112.2240387,509.2244028,43.74439137,Jmax,New,48
21,40,21,0.65,162.9276532,687.4948501,20.82130435,Jmax,Old,49,40,24,0.65,162.9276532,687.0003211,20.81986519,Jmax,New,49
1151,40,200,0.65,162.9276532,871.2862941,20.60198973,Jmax,Old,49,40,200,0.65,162.9276532,811.890092,20.46077845,Jmax,New,49
1781,132.5999016,109.7330464,0.38332935,117.2308577,9.009424928,25.18074155,Jmax,Old,50,129.0837102,108.8913619,0.380300897,117.22393,9.024237013,25.18895513,Jmax,New,50
1153,36.68546844,200,0.621783293,114.6997285,23.10811465,28.28086662,Jmax,Old,50,34.19860504,200,0.621853339,114.689714,23.26081118,28.31379753,Jmax,New,50
2284,35.6168808,613.4229786,1.946603306,108.0758041,0.87068612,13.49701666,Jmax,Old,51,33.13813768,600.609921,1.905731937,108.0665837,0.892511991,13.62080868,Jmax,New,51
1155,40.6386941,200,0.630293646,108.8869859,18.89141678,27.27348582,Jmax,Old,51,38.15471765,200,0.630326283,108.8786584,18.76790225,27.24068784,Jmax,New,51
2441,38.95628251,247.382044,0.777675501,107.8597419,44.51843125,33.16890178,Jmax,Old,52,36.4831814,246.5129635,0.774957567,107.8531899,44.43379245,33.15938669,Jmax,New,52
1157,40.31085105,200,0.627664411,108.0780734,45.65772438,31.68581143,Jmax,Old,52,37.82541471,200,0.627704694,108.0695012,45.54527663,31.67348203,Jmax,New,52
1761,106.9094981,103.5347821,0.352438141,109.9977907,3.561622219,20.54046594,Jmax,Old,53,104.2658883,103.5359313,0.352381982,109.9960547,3.568870529,20.55063117,Jmax,New,53
1159,36.65749197,200,0.628718174,106.3486193,48.90574573,32.02942187,Jmax,Old,53,34.17486177,200,0.628756783,106.339774,49.13787063,32.05309759,Jmax,New,53
1161,36.4448856,200,0.625541327,142.4489556,27.33840933,29.12141066,Jmax,Old,54,33.95798319,200,0.625589125,142.4379671,27.34370735,29.12237954,Jmax,New,54
402,40,40,0.65,76.93962362,8.08E-28,-59.54536918,Jmax,Old,55,40,42,0.65,76.93962362,0.048716402,-0.183862434,Jmax,New,55
1163,40,200,0.65,76.93962362,184.7568978,8.056917961,Jmax,Old,55,40,200,0.65,76.93962362,211.9536189,8.194244538,Jmax,New,55
52,34.90815508,1273.173898,4.038437898,115.5731514,13.81277646,27.3173553,Jmax,Old,56,32.41092102,1576.318004,5.007109333,115.5603206,13.67475925,27.26714405,Jmax,New,56
1165,35.27289366,200,0.611865628,115.7527455,17.18973954,26.80151076,Jmax,Old,56,32.78496369,200,0.612071857,115.7424488,17.09818273,26.77480834,Jmax,New,56
216,325.3417352,309.0522714,1.061362304,132.4208454,125.2356089,38.3403695,Jmax,Old,57,321.895295,308.1726943,1.058324614,132.4273641,124.9742206,38.32992274,Jmax,New,57
1167,31.96558136,200,0.624695048,121.8259269,510.4939108,43.75684097,Jmax,Old,57,29.48436673,200,0.624752812,121.813709,511.4709459,43.76640133,Jmax,New,57
28,40,28,0.65,155.2657614,1870.036861,33.31199604,Jmax,Old,58,40,30,0.65,155.2657614,1867.394627,33.30775425,Jmax,New,58
1169,52.07972921,200,0.633333386,111.3663309,6.66E-27,-171.2068557,Jmax,Old,58,49.59544342,200,0.633366512,111.3680278,2.36E-26,-167.4098565,Jmax,New,58
1837,27.96530814,400.504479,1.271175129,118.1574,163.9303919,39.68659482,Jmax,Old,59,25.51919517,396.220013,1.257545802,118.1539474,164.2011061,39.694845,Jmax,New,59
1171,34.25867111,200,0.634427396,119.58699,178.2988414,38.49725255,Jmax,Old,59,31.78135625,200,0.634453802,119.5777438,178.3583529,38.49892114,Jmax,New,59
1173,44.91016712,200,0.644500698,143.9059574,61.93149684,51.68903067,Jmax,Old,60,42.47074751,200,0.644527857,143.9012332,62.24489229,51.73445903,Jmax,New,60
1175,39.72118174,200,0.508455524,224.6613439,5605.881826,65.23317337,Jmax,Old,61,37.32993498,200,0.515093772,224.7637681,5603.852394,65.23100087,Jmax,New,61
403,40,40,0.65,38.95219776,3.68E-26,-55.72628417,Jmax,Old,62,40,42,0.65,38.95219776,0.142191242,0.887294715,Jmax,New,62
1177,40,200,0.65,38.95219776,515.7665182,9.083531245,Jmax,Old,62,40,200,0.65,38.95219776,557.7156832,9.161726371,Jmax,New,62
1179,40,200,0.65,118.4624684,1467.578265,21.64478626,Jmax,Old,63,40,200,0.65,118.4624684,1667.691382,21.90043958,Jmax,New,63
1931,40,193,0.65,107.9081837,160.9218791,25.95361285,Jmax,Old,64,40,193,0.65,107.9081837,21.52319998,19.91825004,Jmax,New,64
1181,44.64284651,200,0.681813546,58.17177967,5.90E-25,-157.7573344,Jmax,Old,64,42.31087489,200,0.681833307,58.17297221,4.20E-24,-151.8691191,Jmax,New,64
1185,191.2002302,200,0.670163267,97.14924326,3268.763546,61.99674589,Jmax,Old,66,188.6445898,200,0.670154589,97.15353006,3268.84607,61.99689737,Jmax,New,66
1187,18.15390407,200,0.528854442,87.00661389,271.6008518,40.60161508,Jmax,Old,67,15.64957703,200,0.536269328,87.00834958,271.5863015,40.60134721,Jmax,New,67
32,40,32,0.65,135.4543438,1192.865527,31.96319687,Jmax,Old,68,40,34,0.65,135.4543438,1191.439808,31.95960911,Jmax,New,68
1189,65.08779788,200,0.64420674,101.4332202,2.92E-25,-159.8625626,Jmax,Old,68,62.61593508,200,0.644223271,101.4332856,1.46E-25,-161.9544609,Jmax,New,68
1191,28.89881147,200,0.643292037,159.3429531,8754.796015,96.25098322,Jmax,Old,69,26.4382364,200,0.643311434,159.3327043,8754.404194,96.25058041,Jmax,New,69
1193,3.917592909,200,0.63131209,136.4262558,5913.083512,83.86463212,Jmax,Old,70,1.446535432,200,0.631349319,136.4084165,5912.724971,83.86414702,Jmax,New,70
2027,56.73178907,80.47772463,0.269514353,26.65380066,154.1851532,72.248972,Jmax,Old,71,54.33645669,80.67016066,0.270154701,26.65470997,154.1753579,72.24827316,Jmax,New,71
1195,25.57952088,200,0.632673188,25.62748717,175.2378281,71.25896558,Jmax,Old,71,23.14558407,200,0.63272422,25.62463833,175.3577251,71.26648916,Jmax,New,71
2292,38.16670547,370.2940981,1.202432772,150.0153843,2550.073164,118.3432123,Jmax,Old,72,35.72484352,369.9808042,1.201431415,150.0123394,2549.788028,118.3417586,Jmax,New,72
1197,43.9409837,200,0.648788388,151.5100862,2712.465003,116.5808279,Jmax,Old,72,41.51132343,200,0.648812415,151.5092103,2712.078142,116.5789737,Jmax,New,72
2381,40.13962887,240.510836,0.794262993,129.1597449,685.8428651,54.41939418,Jmax,Old,73,37.74444336,240.4001777,0.793918025,129.160779,685.7868283,54.41890393,Jmax,New,73
1199,45.93081752,200,0.662421862,127.9695519,695.9528512,52.71543495,Jmax,Old,73,43.53547156,200,0.662440326,127.9705625,695.886372,52.71486179,Jmax,New,73
209,88.99934071,142.8907872,0.491463132,89.40044779,32.24765854,40.28743723,Jmax,Old,74,86.63811167,143.0198509,0.491904898,89.39643327,32.28592393,40.29573857,Jmax,New,74
11100,43.63826102,200,0.663145708,97.49312129,206.5713316,51.34192951,Jmax,Old,74,41.27951658,200,0.663174613,97.49977542,206.8132634,51.35012296,Jmax,New,74
11101,37.40290504,200,0.637627343,44.25341396,86.20197325,34.86341276,Jmax,Old,75,34.96917993,200,0.637674383,44.24983846,86.03482339,34.85370811,Jmax,New,75
11102,60.18736386,200,0.635120326,47.79886282,40.53315555,31.09054889,Jmax,Old,76,57.69640773,200,0.635140795,47.79839635,40.49629715,31.08600013,Jmax,New,76
2314,443.7390657,444.0609106,1.491016206,51.77882605,747.8995249,47.27572855,Jmax,Old,77,441.1959655,444.0872828,1.491093089,51.77746962,747.6515739,47.27407063,Jmax,New,77
11103,194.1332586,200,0.669850099,51.38449056,975.233722,46.99333321,Jmax,Old,77,191.5566906,200,0.669837855,51.38506756,975.2401733,46.99336628,Jmax,New,77
11104,64.28170805,200,0.63584272,41.7409884,44.24369865,31.52851221,Jmax,Old,78,61.79012212,200,0.635861981,41.74083785,44.20279274,31.52388728,Jmax,New,78
11105,99.65646657,200,0.643850325,38.4077009,123.2953174,30.60983799,Jmax,Old,79,97.16219974,200,0.643863332,38.41176796,123.3316192,30.61101554,Jmax,New,79
2442,58.95878208,1066.653481,3.442266658,160.4572644,16629.05516,161.2712553,Jmax,Old,80,56.44793679,1066.491827,3.441749904,160.4592281,16622.27485,161.265138,Jmax,New,80
11106,73.14940944,200,0.64533703,166.8480469,31959.11572,168.3627948,Jmax,Old,80,70.65928631,200,0.645346782,166.8516127,31959.24227,168.3628541,Jmax,New,80
1926,738.8718041,716.7718368,2.383207407,5.283439504,3.38789877,17.61864222,Jmax,Old,81,750.827127,731.3066253,2.431155181,4.834126748,3.332209563,17.55234509,Jmax,New,81
11107,34.62018826,200,0.615883084,59.54036683,19.25254824,23.18208198,Jmax,Old,81,32.0878831,200,0.615934339,59.55519864,19.2776735,23.18729872,Jmax,New,81
11108,121.7620057,200,0.649101801,26.73075667,3738.924557,62.80306324,Jmax,Old,82,119.224328,200,0.64910566,26.73731811,3740.086887,62.80492819,Jmax,New,82
11109,38.01632139,200,0.627262272,34.90524362,80.88973324,39.80226491,Jmax,Old,83,35.51817271,200,0.627297064,34.90546271,80.87720907,39.80133586,Jmax,New,83
311,82.36566154,67.60955393,0.217036207,33.5650356,127.9563227,38.44783022,Jmax,Old,84,77.70220303,113.5806524,0.359153906,32.67436736,108.6545753,37.63025441,Jmax,New,84
11110,75.91942777,200,0.63132953,31.91662284,89.14944725,35.03151814,Jmax,Old,84,73.41996699,200,0.631352854,31.91708635,89.0812573,35.0276922,Jmax,New,84
236,96.50475291,111.6017788,0.367636622,60.25170361,1106.536994,57.28944648,Jmax,Old,85,94.05810908,111.7417018,0.368100069,60.2514945,1106.501528,57.28925417,Jmax,New,85
11111,51.85314407,200,0.631274446,59.69544303,1143.344975,55.69402406,Jmax,Old,85,49.36267813,200,0.631301711,59.69301292,1143.419191,55.69441352,Jmax,New,85
2402,126.1539058,152.6901602,0.500169381,36.14603329,3.390667642,20.29451957,Jmax,Old,86,123.6715731,152.7924282,0.500505417,36.14553302,3.393124834,20.29814172,Jmax,New,86
11112,90.08095993,200,0.641147362,35.88025979,10.75787875,24.45813938,Jmax,Old,86,87.61135348,200,0.64116763,35.87918593,10.76636495,24.46208201,Jmax,New,86
2112,41.38185841,578.1789003,1.838468121,40.28708791,1.32E-26,-225.6274556,Jmax,Old,88,38.88393164,574.1284651,1.825555242,40.28720002,8.43E-26,-218.2056176,Jmax,New,88
11113,55.07083337,200,0.636578498,39.47181643,3.877338663,16.77210429,Jmax,Old,88,52.5775938,200,0.6365969,39.47289727,3.87099953,16.76555927,Jmax,New,88
2029,70.35880746,1653.214897,5.267833379,52.26798826,3442.730833,64.09962462,Jmax,Old,89,67.83801259,1651.439491,5.262183392,52.26948747,3442.32255,64.09891302,Jmax,New,89
11114,91.73593726,200,0.642874413,53.74029258,3821.999752,62.93491782,Jmax,Old,89,89.24673408,200,0.642889109,53.74428089,3822.02982,62.93496502,Jmax,New,89
221,271.7635484,273.9732744,0.917275242,45.74871219,165.17623,39.72445015,Jmax,Old,90,269.2234119,274.0107818,0.917389476,45.74801746,165.0871548,39.72175306,Jmax,New,90
11115,185.6600145,200,0.665480633,45.77440527,200.2422585,39.07758705,Jmax,Old,90,183.0631055,200,0.665465704,45.77555243,200.2569689,39.07795435,Jmax,New,90
11116,45.78941479,200,0.649595063,75.35737593,1106.167567,55.49568353,Jmax,Old,91,43.38552442,200,0.649625337,75.3589732,1106.671928,55.49841862,Jmax,New,91
11117,39.10249735,200,0.634655381,151.296451,60.48105087,33.09159796,Jmax,Old,92,36.63056015,200,0.634682867,151.2778354,60.71692971,33.11106025,Jmax,New,92
11118,37.44368738,200,0.632582852,143.948873,106.0917017,35.90146657,Jmax,Old,93,34.99526296,200,0.632621675,143.8997553,107.0292375,35.94545764,Jmax,New,93
2424,44.5456682,344.3908899,1.112182964,168.1599938,675.4754223,88.49886059,Jmax,Old,94,42.09989305,343.8822214,1.110555283,168.1533583,675.1829402,88.49409654,Jmax,New,94
11119,50.5615555,200,0.645763386,170.9633829,806.6414918,88.05305336,Jmax,Old,94,48.12095553,200,0.645787278,170.9568195,806.0575365,88.0450872,Jmax,New,94
