"","ID.medlyn","file.medlyn","variable.medlyn","model.medlyn","deviance_SS.medlyn","numIter.medlyn","BIC.medlyn","k25.medlyn","Ea.medlyn","delS.medlyn","Hd.medlyn","minT.medlyn","maxT.medlyn","ID.new","file.new","variable.new","model.new","deviance_SS.new","numIter.new","BIC.new","k25.new","Ea.new","delS.new","Hd.new","minT.new","maxT.new"
"1","1_elevated","WTC2_ACidata_processed.csv","Vcmax","Medlyn",1342.40606026423,15,58.448816030442,78.3136891406965,87.2323813078906,0.291644874623339,86.6634344805728,16.9972727272727,40.3132142857143,"1_elevated","WTC2_ACidata_processed.csv","Vcmax","New",1345.78344791514,17,58.4638925988953,78.4118508680957,87.2323813078906,0.295578733143772,87.5713693548238,16.9972727272727,40.3132142857143
"2","10_ambient","WTC2_ACidata_processed.csv","Vcmax","Medlyn",262.000570964576,23,42.0311187471109,72.7742584847121,110.484839955227,0.358388049081959,107.527692539177,22.0347166,41.3567857142857,"10_ambient","WTC2_ACidata_processed.csv","Vcmax","New",264.899883905227,30,42.086145122142,72.8614896839202,110.484839955227,0.363078547272852,108.749575290793,22.0347166,41.3567857142857
"3","107_7/07/2014","mike_aspinwall_corymbia_calophylla.V1.csv","Vcmax","Medlyn",79.4810299255138,28,36.0669772115343,40.4396230533477,88.1420987135903,0.607703525637246,187.774930356843,20.0287152707143,39.9496755583333,"107_7/07/2014","mike_aspinwall_corymbia_calophylla.V1.csv","Vcmax","New",85.3479033882141,31,36.4230647523827,40.6228546728683,88.1420987135903,0.592112824908481,182.664756749571,20.0287152707143,39.9496755583333
"4","109_7/07/2014","mike_aspinwall_corymbia_calophylla.V1.csv","Vcmax","Medlyn",12.1735581513319,7,26.6857165068482,55.9049118927785,53.3675643176719,1.65744065096468,520.631950390085,20.7740471169231,39.7841266,"109_7/07/2014","mike_aspinwall_corymbia_calophylla.V1.csv","Vcmax","New",12.2066401281907,6,26.6992857144417,55.9010555323154,50.8907185911194,1.64590848091648,517.01402653795,20.7740471169231,39.7841266
"5","118_9/07/2014","mike_aspinwall_corymbia_calophylla.V1.csv","Vcmax","Medlyn",5.66037669843196,8,22.8568375545153,74.5407213946582,61.1415808498139,0.636412103191538,200.825515764962,19.9896046325,39.9227291992308,"118_9/07/2014","mike_aspinwall_corymbia_calophylla.V1.csv","Vcmax","New",5.6445241306887,12,22.842814805998,74.5379555354936,58.6837289658437,0.635521837039455,200.534578265512,19.9896046325,39.9227291992308
"6","119_9/07/2014","mike_aspinwall_corymbia_calophylla.V1.csv","Vcmax","Medlyn",21.6085607186562,14,29.5548331607453,46.7329228007151,74.9117934515941,0.658578205734658,205.529341255232,20.7106982883333,39.9954217776923,"119_9/07/2014","mike_aspinwall_corymbia_calophylla.V1.csv","Vcmax","New",21.5906473375239,234,29.5506864684875,46.7314098771712,72.4471092030825,0.658486901027283,205.493829502141,20.7106982883333,39.9954217776923
"7","12_ambient","WTC2_ACidata_processed.csv","Vcmax","Medlyn",1003.73587069967,22,56.704408061119,87.4551996557191,138.458133638873,0.400182795362554,118.524609027885,17.0190909090909,40.9240740740741,"12_ambient","WTC2_ACidata_processed.csv","Vcmax","New",1010.9993456152,16,56.7476703597602,87.6003085134732,138.458133638873,0.406112302872474,120.138814877634,17.0190909090909,40.9240740740741
"8","132_9/07/2014","mike_aspinwall_corymbia_calophylla.V1.csv","Vcmax","Medlyn",6.28201530311981,160,23.3778395177477,81.0845585426248,64.9317959990945,0.798116515328693,250.412568664124,20.0274799658333,39.931180635,"132_9/07/2014","mike_aspinwall_corymbia_calophylla.V1.csv","Vcmax","New",6.25786589296382,180,23.3585814086532,81.0808211647032,62.4649705327755,0.797332491683282,250.158915944324,20.0274799658333,39.931180635
"9","135_7/07/2014","mike_aspinwall_corymbia_calophylla.V1.csv","Vcmax","Medlyn",0.797772267956307,6,13.0597248282398,63.0925354348947,58.4438394359673,1.21613769536157,383.418416407124,22.223416901,40.0275885266667,"135_7/07/2014","mike_aspinwall_corymbia_calophylla.V1.csv","Vcmax","New",0.803151865091765,6,13.0933280282462,63.0902040855569,55.9606381792353,1.21127922406459,381.886609433409,22.223416901,40.0275885266667
"10","163_8/07/2014","mike_aspinwall_corymbia_calophylla.V1.csv","Vcmax","Medlyn",36.8389475499967,37,32.2221635462791,68.6437722115847,52.9530320102487,1.48547750045155,468.427963681992,20.0578041066667,39.9709701553846,"163_8/07/2014","mike_aspinwall_corymbia_calophylla.V1.csv","Vcmax","New",36.9180653966198,18,32.232890373981,68.6384717497924,50.4939439774898,1.46426951702914,461.769760442385,20.0578041066667,39.9709701553846
"11","189_8/07/2014","mike_aspinwall_corymbia_calophylla.V1.csv","Vcmax","Medlyn",3.82196782582866,178,20.8932124702073,60.5960353986939,61.1904441123219,1.33356338477587,419.45629934173,20.0120600075,39.9642882723077,"189_8/07/2014","mike_aspinwall_corymbia_calophylla.V1.csv","Vcmax","New",3.80053578125486,177,20.8650955913494,60.5919131992781,58.709486690534,1.32882916452218,417.965349874079,20.0120600075,39.9642882723077
"12","190_8/07/2014","mike_aspinwall_corymbia_calophylla.V1.csv","Vcmax","Medlyn",1.8124787336057,239,17.1628622045207,68.9252085464916,68.2010537130384,0.980158812629529,307.289501095522,19.9602355958333,39.9460560730769,"190_8/07/2014","mike_aspinwall_corymbia_calophylla.V1.csv","Vcmax","New",1.79884744858937,12,17.1251160994429,68.9213501560741,65.7280385161574,0.978969798168506,306.910139840302,19.9602355958333,39.9460560730769
"13","2_ambient","WTC2_ACidata_processed.csv","Vcmax","Medlyn",4246.75068938625,10,65.3589594842205,89.9713786677098,100.153718286531,2.32374720922923,57.5960528077764,16.9972727272727,40.9192592592593,"2_ambient","WTC2_ACidata_processed.csv","Vcmax","New",4241.92937453718,12,65.3521438445716,89.9634938310735,127.672881844008,2.93009306087235,87.6454536860462,16.9972727272727,40.9192592592593
"14","2002_August","hikosaka_aci_data.csv","Vcmax","Medlyn",2105.58274487637,117,108.488348803095,62.6196852810022,101.802718846085,0.626769217721646,187.461462464268,14.9425,30.6028571428571,"2002_August","hikosaka_aci_data.csv","Vcmax","New",2108.41820507007,189,108.504497602235,62.5049364188053,101.802718846085,0.61890667181802,184.88199894839,14.9425,30.6028571428571
"15","3_elevated","WTC2_ACidata_processed.csv","Vcmax","Medlyn",928.121728919682,44,48.3551998199895,83.3512622505826,80.4671641713631,0.338612623814451,102.558220865984,17.864,40.0120689655172,"3_elevated","WTC2_ACidata_processed.csv","Vcmax","New",941.223702181688,47,48.4252895294197,83.0553679791496,80.4671641713631,0.318386692888921,95.6796361886493,17.864,40.0120689655172
"16","4_elevated","WTC2_ACidata_processed.csv","Vcmax","Medlyn",960.237487061299,5,56.4385867465686,47.9024786666575,59.7967956534437,0.0764803109533214,43.99872749359,17.2645454545455,39.25,"4_elevated","WTC2_ACidata_processed.csv","Vcmax","New",960.250897288529,33,56.4386705391747,47.9009415401252,57.9579008261929,7.12188748009039e-06,2.72234741079268,17.2645454545455,39.25
"17","506_8/07/2014","mike_aspinwall_corymbia_calophylla.V1.csv","Vcmax","Medlyn",3.96825644099236,76,21.0810194050497,71.3893498048396,58.8929336852143,1.47612768768853,466.62239916702,19.9547692941667,39.8589363091667,"506_8/07/2014","mike_aspinwall_corymbia_calophylla.V1.csv","Vcmax","New",3.94170729114575,16,21.0474550924394,71.3843103031309,56.4083801429426,1.45916077486142,461.294162652207,19.9547692941667,39.8589363091667
"18","515_9/07/2014","mike_aspinwall_corymbia_calophylla.V1.csv","Vcmax","Medlyn",79.9772653732004,30,36.0980973893032,72.4185303234941,102.279801419012,0.407513235943745,123.463832928093,19.9300931784615,40.0200879015385,"515_9/07/2014","mike_aspinwall_corymbia_calophylla.V1.csv","Vcmax","New",77.2000288179862,137,35.9213844836499,72.498067678106,102.279801419012,0.411087687747431,124.359068753801,19.9300931784615,40.0200879015385
"19","542_9/07/2014","mike_aspinwall_corymbia_calophylla.V1.csv","Vcmax","Medlyn",6.82266247617665,10,23.7906342724135,68.2993005187717,56.240899939944,0.66549992856665,210.740007325601,19.9651076984615,39.9942410791667,"542_9/07/2014","mike_aspinwall_corymbia_calophylla.V1.csv","Vcmax","New",6.80560385244094,20,23.7781171757899,68.2964663687562,53.7795934272888,0.664108873470572,210.290198294965,19.9651076984615,39.9942410791667
"20","561_8/07/2014","mike_aspinwall_corymbia_calophylla.V1.csv","Vcmax","Medlyn",139.772369961426,19,38.8894611845742,61.3162556354333,120.541328486287,0.325030286864972,94.3812605894246,20.4962019908333,40.0329977675,"561_8/07/2014","mike_aspinwall_corymbia_calophylla.V1.csv","Vcmax","New",140.581676565516,22,38.91832857073,61.349755376387,120.541328486287,0.332291468225569,96.3970197585645,20.4962019908333,40.0329977675
"21","576_9/07/2014","mike_aspinwall_corymbia_calophylla.V1.csv","Vcmax","Medlyn",135.117192122666,41,38.7200977903664,60.5574971314208,38.8885349665683,0.784662742419331,245.410537865398,19.9231042866667,40.1015993741667,"576_9/07/2014","mike_aspinwall_corymbia_calophylla.V1.csv","Vcmax","New",117.550822399732,74,38.0237391877026,60.542256568507,38.8885349665683,0.749507165030194,234.140420050002,19.9231042866667,40.1015993741667
"22","595_9/07/2014","mike_aspinwall_corymbia_calophylla.V1.csv","Vcmax","Medlyn",196.174682628769,15,40.5844128331253,85.5695549715882,127.687639011582,0.382724259249899,113.746872079979,20.3712771725,40.0457417407692,"595_9/07/2014","mike_aspinwall_corymbia_calophylla.V1.csv","Vcmax","New",200.295054233083,21,40.6883430848969,85.6784541377525,127.687639011582,0.388292935072473,115.252010080713,20.3712771725,40.0457417407692
"23","6_elevated","WTC2_ACidata_processed.csv","Vcmax","Medlyn",10.9851224847456,11,26.1720946118271,77.0223421103617,121.340017554192,3.18931658819687,80.8933443886831,17.0163636363636,40.5145080733333,"6_elevated","WTC2_ACidata_processed.csv","Vcmax","New",10.6644227280443,14,26.023951445822,77.0128745277801,121.340017554192,4.06529646063797,83.4210828028844,17.0163636363636,40.5145080733333
"24","606_8/07/2014","mike_aspinwall_corymbia_calophylla.V1.csv","Vcmax","Medlyn",529.463353826793,15,45.548705100206,79.3125771582586,128.106873574258,0.333293714459823,96.0505101108572,20.67205731,40.0352354784615,"606_8/07/2014","mike_aspinwall_corymbia_calophylla.V1.csv","Vcmax","New",530.584848132886,13,45.559284758022,79.3495005264367,128.106873574258,0.341017641026233,98.2183701805689,20.67205731,40.0352354784615
"25","7_ambient","WTC2_ACidata_processed.csv","Vcmax","Medlyn",530.230201179227,22,52.8753704537959,77.5915437874895,121.169201411853,0.309846867590336,87.7802980677209,17.087,40.7947058823529,"7_ambient","WTC2_ACidata_processed.csv","Vcmax","New",532.4801631044,15,52.9007767962496,77.5992798688017,121.169201411853,0.317740536243161,89.9316497952271,17.087,40.7947058823529
"26","A_1","GHS39_GREAT_MAIN_ACiT_20160216-20160227_L0.csv","Vcmax","Medlyn",86889.3306949137,69,341.278093257798,83.7897179882889,145.803668079241,0.364402122440949,104.415879954582,20.7106963578571,42.06340932875,"A_1","GHS39_GREAT_MAIN_ACiT_20160216-20160227_L0.csv","Vcmax","New",86871.4086771017,52,341.271904742047,83.8007348142046,145.803668079241,0.373099013429867,106.997132120125,20.7106963578571,42.06340932875
"27","A_2","GHS39_GREAT_MAIN_ACiT_20160216-20160227_L0.csv","Vcmax","Medlyn",21850.762831064,317,229.70937821992,79.8963875608223,78.6096172265364,1.13257994091497,356.053049291298,20.4990143423077,42.7065410614286,"A_2","GHS39_GREAT_MAIN_ACiT_20160216-20160227_L0.csv","Vcmax","New",21848.5757331049,34,229.707176074225,79.8932631351617,76.1047172658443,1.13256682907131,356.044822973661,20.4990143423077,42.7065410614286
"28","acacia_NA","gwwACidata_processed_new.csv","Vcmax","Medlyn",843.861554966727,11,77.3938913090103,46.3364501906823,160.758076221866,4.26853624588426,83.7217579178806,19.4397430933333,30.0111367293333,"acacia_NA","gwwACidata_processed_new.csv","Vcmax","New",843.73440389771,8,77.3925351080579,46.335031781958,231.107544387178,1.71348313553608,156.55962253702,19.4397430933333,30.0111367293333
"29","Acer rubrum_r2_30","nick_smith.csv","Vcmax","Medlyn",2.56784557292261,77,20.8939064224167,4.65659722294009,62.3571906749479,0.253265524434087,79.0306075268639,14,50,"Acer rubrum_r2_30","nick_smith.csv","Vcmax","New",2.56670327030061,36,20.8912367367036,4.65630450509055,59.9413629705301,0.253932297633241,79.2270070988316,14,50
"30","Acer rubrum_r2_35","nick_smith.csv","Vcmax","Medlyn",528.233116283533,102,52.8527290955259,21.270615876072,47.9616613602759,0.479528199459736,151.371834199801,14,50,"Acer rubrum_r2_35","nick_smith.csv","Vcmax","New",515.915257528131,88,52.7111580636146,21.1591037643851,47.9616613602759,0.480190660980354,151.288653634279,14,50
"31","Acer_pseudoplatanus_summer","DreyerSevenSpp_final.csv","Vcmax","Medlyn",11232.9334171568,7,247.856512309185,76.3842686805811,57.9139658390205,1.15063788794237,359.84594965276,10.0658333333333,40.1696666666667,"Acer_pseudoplatanus_summer","DreyerSevenSpp_final.csv","Vcmax","New",11234.0913629901,5,247.859192378485,76.368508912447,55.4618326762132,1.14908537494825,359.352521173044,10.0658333333333,40.1696666666667
"32","aceru_W","B4Warmed_Aci_temp_curves_clean.csv","Vcmax","Medlyn",2655.54064684852,58,133.753707181271,38.3090442516128,135.206610403379,0.379242040706737,110.893586473993,18.0211111111111,32.1155555555556,"aceru_W","B4Warmed_Aci_temp_curves_clean.csv","Vcmax","New",2655.54018802863,58,133.753704589595,38.3090628255454,132.763829536114,0.379587325470201,111.000444403757,18.0211111111111,32.1155555555556
"33","ARLA2","Arctic_A-Ci_curves_2012-2015_test_file.csv","Vcmax","Medlyn",33078.4050650822,8,151.659074139099,75.1722361682558,39.765072327476,6.16546136796973,89.9953505508684,17.8976705992308,21.0347762484615,"ARLA2","Arctic_A-Ci_curves_2012-2015_test_file.csv","Vcmax","New",457.38086139942,207,96.0045207049185,30.0718144834684,119.281268642677,1.34738267287834,397.789424560788,17.8976705992308,21.0347762484615
"34","ARPE 3026_ WINTER","Daintree_ACidata_processed.csv","Vcmax","Medlyn",28.4950768174675,263,30.9380419775768,49.9791121764108,201.333575948206,0.616435489564917,185.973931303262,21.6089505089654,39.6137453715006,"ARPE 3026_ WINTER","Daintree_ACidata_processed.csv","Vcmax","New",28.0043615111817,294,30.8511866635521,49.9293982533919,201.333575948206,0.622228616682735,187.632963761608,21.6089505089654,39.6137453715006
"35","ARPE 3048_ WINTER","Daintree_ACidata_processed.csv","Vcmax","Medlyn",29.2607632718846,10,31.0706227375407,55.0824656659177,175.900098678458,2.80128551867193,87.0046564748805,20.4285255008274,37.8143208821615,"ARPE 3048_ WINTER","Daintree_ACidata_processed.csv","Vcmax","New",29.1867921618058,9,31.0579667506437,55.0887720916682,266.686346843568,1.44297730403374,180.32627966889,20.4285255008274,37.8143208821615
"36","B_2","GHS39_GREAT_MAIN_ACiT_20160216-20160227_L0.csv","Vcmax","Medlyn",8531.76147310538,147,176.434874547029,65.9697577268013,70.3919744858187,2.82772495355059,892.500162114749,24.2839732842857,42.0618512092308,"B_2","GHS39_GREAT_MAIN_ACiT_20160216-20160227_L0.csv","Vcmax","New",8530.58245541268,181,176.432386926502,65.9784522765452,67.8603109623415,2.82544755828538,891.778916833204,24.2839732842857,42.0618512092308
"37","B_4","GHS39_GREAT_MAIN_ACiT_20160216-20160227_L0.csv","Vcmax","Medlyn",32726.8755583969,51,200.634088575921,82.4481338015455,115.216585274293,0.306664733116903,88.8206334982234,19.5099573876923,42.4249890646667,"B_4","GHS39_GREAT_MAIN_ACiT_20160216-20160227_L0.csv","Vcmax","New",32721.7386189654,61,200.631263003184,82.5078493531458,115.216585274293,0.314716698713708,91.1203169511711,19.5099573876923,42.4249890646667
"38","B_5","GHS39_GREAT_MAIN_ACiT_20160216-20160227_L0.csv","Vcmax","Medlyn",48401.3898454279,188,256.939804227153,81.7928869414995,68.2355589326704,4.27028874387866,1347.25900741799,20.240832465,42.3033060706667,"B_5","GHS39_GREAT_MAIN_ACiT_20160216-20160227_L0.csv","Vcmax","New",48397.7476855489,179,256.938073433276,81.788136312487,65.7149638253386,4.2682804869367,1346.62210983703,20.240832465,42.3033060706667
"39","Betula alleghaniensis_r1_35","nick_smith.csv","Vcmax","Medlyn",1433.30310347399,82,58.8419244623776,61.9472197936547,38.6190341729317,0.617844575453153,196.281481772419,14,50,"Betula alleghaniensis_r1_35","nick_smith.csv","Vcmax","New",1309.11527018291,67,58.2981438597884,61.5462640193345,38.6190341729317,0.606012587229043,192.174068098641,14,50
"40","Betula alleghaniensis_r2_25","nick_smith.csv","Vcmax","Medlyn",301.850906914319,33,49.4951021877747,40.7852694097964,29.6649525107962,1.10243891592766,353.370211905136,14,50,"Betula alleghaniensis_r2_25","nick_smith.csv","Vcmax","New",253.901310826884,26,48.457176838022,40.6834251834056,29.6649525107962,0.969809562153681,310.224219053512,14,50
"41","Betula alleghaniensis_r2_30","nick_smith.csv","Vcmax","Medlyn",444.575759758264,8,51.8182258007221,35.7142356257932,14.0322298181482,0.83231962059695,267.683201671239,14,50,"Betula alleghaniensis_r2_30","nick_smith.csv","Vcmax","New",398.698902578487,21,51.1647419405327,35.6844353281517,14.0322298181482,0.746612066198489,239.620646214405,14,50
"42","Betula alleghaniensis_r2_35","nick_smith.csv","Vcmax","Medlyn",19.7532150284306,93,33.1354005153192,29.9451601996743,55.7076266674033,0.559982444483278,178.056386846117,14,50,"Betula alleghaniensis_r2_35","nick_smith.csv","Vcmax","New",16.3524972115828,61,32.0017866512314,29.6527764097494,55.7076266674033,0.546037309620016,173.289209503579,14,50
"43","Betula alleghaniensis_r3_30","nick_smith.csv","Vcmax","Medlyn",211.495739825831,47,47.360732062924,42.4678756664888,29.97553686571,0.902423339730086,289.359164120053,14,50,"Betula alleghaniensis_r3_30","nick_smith.csv","Vcmax","New",177.00657054439,9,46.2926240508553,42.1953624140418,29.97553686571,0.819032348240088,262.125766964096,14,50
"44","Betula alleghaniensis_r3_35","nick_smith.csv","Vcmax","Medlyn",167.309780592378,10,39.7886206704713,37.5819464411559,57.691291849014,0.57884570152084,185.359345213026,23,50,"Betula alleghaniensis_r3_35","nick_smith.csv","Vcmax","New",165.540833304997,21,39.735474788564,37.0174337283123,57.691291849014,0.557143202908321,178.072317311785,23,50
"45","Betula papyrifera_44","dillaway_etal.csv","Vcmax","Medlyn",283.912290102222,210,49.1274950459848,78.7435673036844,193.333483726482,0.559405597282642,166.604099062904,22.9671428571429,36.3185714285714,"Betula papyrifera_44","dillaway_etal.csv","Vcmax","New",281.993518043594,30,49.0868074393056,78.7500567899677,193.333483726482,0.566089019513809,168.529964931865,22.9671428571429,36.3185714285714
"46","Betula papyrifera_r4_15","nick_smith.csv","Vcmax","Medlyn",11.1766195150228,23,26.258505597266,20.3890927645381,97.6241659876709,0.391047823313558,117.760585570643,14,41,"Betula papyrifera_r4_15","nick_smith.csv","Vcmax","New",11.7925825426352,13,26.526739010743,20.4458501400211,97.6241659876709,0.392742573623536,118.012752233596,14,41
"47","Betula pendula_summer","Betula_pendula_Pinus_sylvestris_wang_etal.csv","Vcmax","Medlyn",3697.55579429759,35,176.130102909012,107.957148220201,60.8092296279235,4.73340667312665,1446.84388659983,5.35,32.1,"Betula pendula_summer","Betula_pendula_Pinus_sylvestris_wang_etal.csv","Vcmax","New",3697.82818365409,27,176.131576202934,107.957948418574,58.3924837748651,4.72752051050267,1445.04006719966,5.35,32.1
"48","Betula_pendula_summer","DreyerSevenSpp_final.csv","Vcmax","Medlyn",11453.5382137184,144,232.031322230314,67.2050525695714,69.6495986245903,7.32686923458925,2296.28228316286,10.7440909090909,39.989,"Betula_pendula_summer","DreyerSevenSpp_final.csv","Vcmax","New",11453.4071392797,96,232.031047572433,67.1911764393923,67.1681461862579,7.31661700086091,2293.06436878751,10.7440909090909,39.989
"49","C.g.","Angelica_Varhammar_tropical_species_with_gs.csv","Vcmax","Medlyn",4275.51589076003,18,108.796536646916,35.6804720474664,55.2442471814712,5.97635458251655,33.9973515755952,19.72125,39.26625,"C.g.","Angelica_Varhammar_tropical_species_with_gs.csv","Vcmax","New",2312.25263555769,4,102.035028541546,36.1086076552221,66.627461648791,0.0502044119251099,65.3844348645463,19.72125,39.26625
"50","C.s.","Angelica_Varhammar_tropical_species_with_gs.csv","Vcmax","Medlyn",4366.32995674029,5,208.886301418924,60.3626506571404,54.1214143783957,2.30488088254863,720.059658027691,21.12,39.84875,"C.s.","Angelica_Varhammar_tropical_species_with_gs.csv","Vcmax","New",4366.36447503889,6,208.886491151698,60.3625342789043,51.6112973947381,2.3032304939258,719.541071748676,21.12,39.84875
"51","callitris_NA","gwwACidata_processed_new.csv","Vcmax","Medlyn",11369.5693087379,30,100.800256646017,30.5764437948491,242.721962857566,6.22728130041659,111.983986383582,25.7974320466667,29.2270139157143,"callitris_NA","gwwACidata_processed_new.csv","Vcmax","New",11036.348807835,32,100.532541159156,30.5787821440105,242.743090964331,6.22196417197491,110.962858301997,25.7974320466667,29.2270139157143
"52","Castilla Elastica_13/08/2014","alida_mao_Aci_PuertoRico.csv","Vcmax","Medlyn",78.6502576704326,9,41.4255683632158,34.5935780586786,160.884029027239,6.18602323910062,107.256017860264,23.378743935,34.941771696,"Castilla Elastica_13/08/2014","alida_mao_Aci_PuertoRico.csv","Vcmax","New",78.5749448818694,8,41.4198202164988,34.5958745980155,160.884029027239,3.48474259608119,109.77606438807,23.378743935,34.941771696
"53","Cedrela odorata_r1_30","nick_smith.csv","Vcmax","Medlyn",213.558157626515,6,47.4189581090393,36.1664360343092,50.7747953351343,0.637674961739289,202.895590440955,14,50,"Cedrela odorata_r1_30","nick_smith.csv","Vcmax","New",191.723067534138,13,46.7718147746511,35.8774185734808,50.7747953351343,0.620745644562196,197.162535172779,14,50
"54","Cedrela odorata_r1_35","nick_smith.csv","Vcmax","Medlyn",62.1752842770686,25,40.0152483005536,18.7854857692112,65.2286793136222,0.571602805445274,181.232468932209,14,50,"Cedrela odorata_r1_35","nick_smith.csv","Vcmax","New",58.1738391019097,115,39.6161174515169,18.5481001849412,65.2286793136222,0.563935283556119,178.514979870628,14,50
"55","Cedrela odorata_r3_20","nick_smith.csv","Vcmax","Medlyn",21.1657159577146,52,33.5497991342575,10.7265881908778,22.9031946898262,0.752770618209726,241.729569316541,14,50,"Cedrela odorata_r3_20","nick_smith.csv","Vcmax","New",19.1354829747606,6,32.9447690828908,10.7643655684027,22.9031946898262,0.682329989340472,218.601587942132,14,50
"56","Cedrela odorata_r3_25","nick_smith.csv","Vcmax","Medlyn",55.5783674448797,27,39.3422672341177,11.0536952434191,48.0068227320366,0.628908508237607,200.642752746378,14,50,"Cedrela odorata_r3_25","nick_smith.csv","Vcmax","New",55.5994397969844,14,39.3445416828999,11.0522840532495,45.5610133678782,0.628096089845462,200.36508746618,14,50
"57","Cedrela odorata_r3_30","nick_smith.csv","Vcmax","Medlyn",29.6524060640942,26,31.1371016871701,19.9892348840395,164.001287139665,0.433803674982368,127.811425729117,14,41,"Cedrela odorata_r3_30","nick_smith.csv","Vcmax","New",30.1057172192898,16,31.2129608048394,20.0271424579371,164.001287139665,0.440709485714047,129.744287756566,14,41
"58","Cucumis sativa_r1_30","nick_smith.csv","Vcmax","Medlyn",18.2922804285111,81,32.6743777472835,18.0420221719284,75.3228149844019,0.34431633269227,106.883666116325,14,50,"Cucumis sativa_r1_30","nick_smith.csv","Vcmax","New",17.7539288104213,16,32.4951439263953,18.030894505902,75.3228149844019,0.346002697440454,107.121524543877,14,50
"59","Cucumis sativa_r1_35","nick_smith.csv","Vcmax","Medlyn",1746.70593172375,29,60.0284247395609,71.1829130613289,64.9883472434887,0.424457801444221,133.522090863865,14,50,"Cucumis sativa_r1_35","nick_smith.csv","Vcmax","New",1703.75264018876,103,59.8790341250887,70.7629179266841,64.9883472434887,0.423339718413415,132.884209676094,14,50
"60","Cucumis sativa_r2_20","nick_smith.csv","Vcmax","Medlyn",162.923096758223,108,45.7951726718996,22.6287295606269,72.6495586678636,0.250573159401628,75.0511764368315,14,50,"Cucumis sativa_r2_20","nick_smith.csv","Vcmax","New",161.156043403296,77,45.7297415849393,22.6969971291675,72.6495586678636,0.257753609175796,77.0288957477927,14,50
"61","Cucumis sativa_r2_25","nick_smith.csv","Vcmax","Medlyn",375.13315998421,56,50.7991892666136,47.481455184759,31.7519231673006,1.08531179386204,347.720204552082,14,50,"Cucumis sativa_r2_25","nick_smith.csv","Vcmax","New",316.04596378626,28,49.770828877403,47.348941909864,31.7519231673006,0.962039898950611,307.604205505557,14,50
"62","Cucumis sativa_r2_30","nick_smith.csv","Vcmax","Medlyn",462.702506204854,61,52.058008803492,43.9488151217984,35.2088117329585,0.520062342751587,165.630477423692,14,50,"Cucumis sativa_r2_30","nick_smith.csv","Vcmax","New",420.32703493191,98,51.4817013065259,43.8471283486358,35.2088117329585,0.507163564157795,161.140210002744,14,50
"63","Cucumis sativa_r2_35","nick_smith.csv","Vcmax","Medlyn",53.6495234170528,103,39.1303384443335,68.5469252258286,55.9599536951365,0.458557932016345,147.263239818314,14,50,"Cucumis sativa_r2_35","nick_smith.csv","Vcmax","New",53.6144032289069,101,39.1264094228443,68.5362368486986,53.5052014081298,0.458201393615286,147.130108691373,14,50
"64","Cucumis sativa_r3_15","nick_smith.csv","Vcmax","Medlyn",50.5661868391399,21,38.7752015810255,33.8076147513035,66.4275233760438,0.394560706878013,123.041201568157,14,50,"Cucumis sativa_r3_15","nick_smith.csv","Vcmax","New",46.3324748059512,24,38.2505616187657,33.8979433716576,66.4275233760438,0.394510563864617,122.720908308638,14,50
"65","Cucumis sativa_r3_30","nick_smith.csv","Vcmax","Medlyn",154.933724038177,30,45.4934875609927,52.9098780101697,91.6748860188092,0.280822051179753,86.4880243451748,14,50,"Cucumis sativa_r3_30","nick_smith.csv","Vcmax","New",154.930897011685,62,45.4933780798981,52.9064021201604,89.2174040563843,0.281457290717767,86.6829272536373,14,50
"66","Cucumis sativa_r3_35","nick_smith.csv","Vcmax","Medlyn",599.672445673052,22,46.1713032433827,70.7068713090004,185.26834477823,0.448007681308669,125.97171116503,14,41,"Cucumis sativa_r3_35","nick_smith.csv","Vcmax","New",602.564843340974,19,46.1953617489279,70.7464323603304,185.26834477823,0.45683575916832,128.307655983861,14,41
"67","Dacryodes excelsa_27/08/2014","alida_mao_Aci_PuertoRico.csv","Vcmax","Medlyn",4.04779327638796,34,21.1802446450226,30.7357393275504,217.788477284383,0.612543708950465,182.526754542683,25.078706932,34.89557457,"Dacryodes excelsa_27/08/2014","alida_mao_Aci_PuertoRico.csv","Vcmax","New",4.02448930787753,36,21.1513754459975,30.7252351514919,217.788477284383,0.619120180706764,184.428802550604,25.078706932,34.89557457
"68","E. saligna_Elv","GHS30_Euc2-SxTxCO2xW_GEtempresponse_20090105-20090109_L1.csv","Vcmax","Medlyn",1547.04074743966,101,50.9098812814312,2.23653561498175,470.017504796395,16.5162991148431,4999.99637050318,28.4246666666667,29.6335555555556,"E. saligna_Elv","GHS30_Euc2-SxTxCO2xW_GEtempresponse_20090105-20090109_L1.csv","Vcmax","New",1546.29994386815,130,50.9074864479499,2.20973822026592,470.017504796395,16.5163442725506,4999.99327495614,28.4246666666667,29.6335555555556
"69","E. tereticornis_Ambient_3","WTC3_ACidata_processed.csv","Vcmax","Medlyn",10578.0994928647,28,80.8391065673098,72.3764680138695,123.167509244034,0.698641583758787,216.613078068047,21.1432016554545,41.9204677227273,"E. tereticornis_Ambient_3","WTC3_ACidata_processed.csv","Vcmax","New",10695.1605677982,32,80.9161456100445,72.0807344876823,123.167509244034,0.690831663665553,213.974287776199,21.1432016554545,41.9204677227273
"70","E. tereticornis_Ambient_5","WTC3_ACidata_processed.csv","Vcmax","Medlyn",28680.9471447166,36,198.258744080037,95.6814617621256,83.747413460952,0.317388232912432,95.988296895461,19.9539027733333,42.0355245409091,"E. tereticornis_Ambient_5","WTC3_ACidata_processed.csv","Vcmax","New",28657.8293632519,25,198.24422964097,95.7241187141648,83.747413460952,0.322431221283459,97.3170856594443,19.9539027733333,42.0355245409091
"71","E. tereticornis_Elevated_2","WTC3_ACidata_processed.csv","Vcmax","Medlyn",37944.7495638445,35,213.031360568379,89.9236765461912,63.0361074522824,0.56482735795323,176.874030266054,19.97742157,42.0813688809091,"E. tereticornis_Elevated_2","WTC3_ACidata_processed.csv","Vcmax","New",37945.0637451062,26,213.031517887094,89.9219086218126,60.5990493655703,0.564555958366601,176.777296747255,19.97742157,42.0813688809091
"72","E.e.","Angelica_Varhammar_tropical_species_with_gs.csv","Vcmax","Medlyn",561.770836903643,159,132.988304614606,24.6670914966614,101.911285039206,0.392713785333138,119.573521587,20.112,40.61875,"E.e.","Angelica_Varhammar_tropical_species_with_gs.csv","Vcmax","New",561.738571767758,22,132.987213324089,24.6664928278973,99.4441418188394,0.393149005685058,119.706273421011,20.112,40.61875
"73","E.i.","Angelica_Varhammar_tropical_species_with_gs.csv","Vcmax","Medlyn",4017.94001351247,29,235.178543368505,86.0879866017518,53.1139648406353,0.3569092686167,114.732535447671,20.394,40.422,"E.i.","Angelica_Varhammar_tropical_species_with_gs.csv","Vcmax","New",4017.86162557584,63,235.177997097623,86.0863019276449,50.6631481293088,0.356758377320565,114.663457068732,20.394,40.422
"74","E.salmonophloia_Summer","gwwACidata_processed_new.csv","Vcmax","Medlyn",1345.3367244173,36,74.0998888136716,65.085568789128,138.263449290866,0.477052420872193,142.305554352163,19.8008742266667,34.6966643266667,"E.salmonophloia_Summer","gwwACidata_processed_new.csv","Vcmax","New",1344.58581968536,40,74.0954223370998,65.1349880618397,138.263449290866,0.481956473202987,143.643397817213,19.8008742266667,34.6966643266667
"75","E.salubris_Summer","gwwACidata_processed_new.csv","Vcmax","Medlyn",159.985892135012,79,51.4989186270854,44.8160278178715,35.6614607094366,2.26893754396576,700.125319693406,24.5403066585714,32.7914600766667,"E.salubris_Summer","gwwACidata_processed_new.csv","Vcmax","New",159.975551407502,77,51.4984661657401,44.8166972869134,33.164527073188,2.26746930980666,699.671390799188,24.5403066585714,32.7914600766667
"76","Elymus canadensis_r1_35","nick_smith.csv","Vcmax","Medlyn",140.164407386372,44,44.8923993617519,10.9959196531936,37.6275556442079,0.561235602768177,178.274414877945,14,50,"Elymus canadensis_r1_35","nick_smith.csv","Vcmax","New",136.594229919649,67,44.737591162463,10.9205074510113,37.6275556442079,0.556338847245404,176.385704027217,14,50
"77","Elymus canadensis_r2_20","nick_smith.csv","Vcmax","Medlyn",175.485248838898,19,46.240832852268,25.7213341135013,44.4642811488969,0.891682467716209,283.667649974715,14,50,"Elymus canadensis_r2_20","nick_smith.csv","Vcmax","New",152.46750564481,20,45.3972119028534,25.6726928491959,44.4642811488969,0.857045770929145,272.209113593184,14,50
"78","Elymus canadensis_r4_35","nick_smith.csv","Vcmax","Medlyn",21.492254842701,29,33.6416587113717,5.82280044822395,54.2111864057832,0.642664022285439,205.094582043233,14,50,"Elymus canadensis_r4_35","nick_smith.csv","Vcmax","New",21.4797232471975,29,33.6381592413219,5.78666951086549,52.7061938243534,0.634860655124475,202.468759670118,14,50
"79","euc_pauciflora","euc_pauciflora_mk.csv","Vcmax","Medlyn",21242.1148535813,44,106.425664646331,88.0899589244808,52.3383777087391,6.05087453580537,57.9534796471224,15,35,"euc_pauciflora","euc_pauciflora_mk.csv","Vcmax","New",15522.9833525122,16,103.602688302611,88.0876328493901,52.3028433422102,6.01531500859667,50.9890140362085,15,35
"80","Eucalyptus parramattensis_ambient_Spring","acitwtc4_cleaned.csv","Vcmax","Medlyn",49372.4700444412,15,352.383624092831,121.237723851476,79.2542316982387,0.46776006292051,143.902532970885,15.6427373027273,42.5843649638462,"Eucalyptus parramattensis_ambient_Spring","acitwtc4_cleaned.csv","Vcmax","New",49250.2072621469,95,352.301803684122,121.433488535779,79.2542316982387,0.467317246021202,143.529123231445,15.6427373027273,42.5843649638462
"81","Eucalyptus parramattensis_ambient_Winter","acitwtc4_cleaned.csv","Vcmax","Medlyn",35628.3801494706,40,314.533311284486,101.901361333626,47.528401581696,3.84093924030623,1201.96283492043,14.4147944890909,40.823145866875,"Eucalyptus parramattensis_ambient_Winter","acitwtc4_cleaned.csv","Vcmax","New",35623.6109845638,211,314.529295257842,101.883923242271,45.0355098041322,3.83467268856709,1199.99605237063,14.4147944890909,40.823145866875
"82","Eucalyptus parramattensis_elevated_Spring","acitwtc4_cleaned.csv","Vcmax","Medlyn",46143.3139214007,184,395.900264640968,88.3249310292061,54.1638993635614,0.865716061397263,271.565770685197,15.4263513736364,42.5784861241667,"Eucalyptus parramattensis_elevated_Spring","acitwtc4_cleaned.csv","Vcmax","New",46141.4380970117,221,395.898719828304,88.3151346610016,51.6895845647923,0.865409140341014,271.462618089563,15.4263513736364,42.5784861241667
"83","Eucalyptus tetradonta","SIOP Leaf gas exchange Cernusak et al.csv","Vcmax","Medlyn",2308.46272356671,39,166.708299111821,90.1057700595081,55.4861466394659,10.4738978426382,3284.18351262183,24.999,40.0118181818182,"Eucalyptus tetradonta","SIOP Leaf gas exchange Cernusak et al.csv","Vcmax","New",2308.55362806461,32,166.709086672366,90.1214474908487,52.953465501612,10.4576636746334,3279.09444772676,24.999,40.0118181818182
"84","Fagus sylvatica_Summer","Strassemeyer.csv","Vcmax","Medlyn",405.366100635936,151,166.24361623729,26.8516285129324,67.1474623513294,1.09459097254199,339.991552774766,18.4166666666667,35.8833333333333,"Fagus sylvatica_Summer","Strassemeyer.csv","Vcmax","New",405.343290015286,136,166.242096859904,26.8506543019132,64.6769983237185,1.09364626418725,339.693957475072,18.4166666666667,35.8833333333333
"85","Ficus insipida","SlotWinterPCE_RawData_DiffusionCorrected.csv","Vcmax","Medlyn",22493.9074601208,53,326.440723945619,73.0268633572927,69.3458290491869,3.67380714041626,1142.56764625359,26.7841666666667,38.4381818181818,"Ficus insipida","SlotWinterPCE_RawData_DiffusionCorrected.csv","Vcmax","New",22493.3153966595,258,326.439855339247,73.042464738282,66.8112792709785,3.67342022075497,1142.44633824426,26.7841666666667,38.4381818181818
"86","Fraxinus_excelsior_summer","DreyerSevenSpp_final.csv","Vcmax","Medlyn",14496.2049289082,78,279.35095779441,82.4457402043789,130.533514987639,0.328642986110368,94.6737098729371,10.0829761907143,40.1719444441667,"Fraxinus_excelsior_summer","DreyerSevenSpp_final.csv","Vcmax","New",14495.4561412853,32,279.349459788413,82.4529549625089,128.043472264219,0.328969548958134,94.7866071338347,10.0829761907143,40.1719444441667
"87","Glycine max_r1_25","nick_smith.csv","Vcmax","Medlyn",6498.34124572285,1,67.9113163113325,58.9424986666723,8.05877783548433,0.65,263,14,50,"Glycine max_r1_25","nick_smith.csv","Vcmax","New",6513.5497176843,17,67.9253420780068,58.8980604532174,24.176333506453,0.603210486118645,18.6610442318712,14,50
"88","Glycine max_r1_30","nick_smith.csv","Vcmax","Medlyn",25.5007507487624,29,30.3829247963414,23.4650888551806,78.2205446642946,0.356620436122938,110.858653531804,14,50,"Glycine max_r1_30","nick_smith.csv","Vcmax","New",25.5334431215804,31,30.3893307713967,23.46234006512,75.759108205636,0.357157983317725,111.021302985636,14,50
"89","Glycine max_r1_35","nick_smith.csv","Vcmax","Medlyn",22.2794870458105,80,29.7077172906244,52.0607781763724,99.8898459485975,0.295688514823897,88.0477291315462,14,50,"Glycine max_r1_35","nick_smith.csv","Vcmax","New",20.7811331477653,72,29.3596129064249,52.1912136552061,99.8898459485975,0.302599219477757,89.9544430768348,14,50
"90","Glycine max_r2_20","nick_smith.csv","Vcmax","Medlyn",3368.39243519911,2,63.9686482532621,48.6464828231385,1.79952448394892,0.728113773070392,236.087756213772,14,50,"Glycine max_r2_20","nick_smith.csv","Vcmax","New",4311.65532967442,13,65.4499659886642,48.6015901156603,5.39856469205338,0.13478462001732,6.13793085812459,14,50
"91","Glycine max_r2_35","nick_smith.csv","Vcmax","Medlyn",477.875811181183,201,52.2516082661728,59.7885169738838,80.1655103987092,0.457026554094335,143.776201766646,14,50,"Glycine max_r2_35","nick_smith.csv","Vcmax","New",476.401541895686,54,52.2330693734246,59.2828280878011,80.1223591672818,0.455299346287879,142.9683875835,14,50
"92","Glycine max_r3_35","nick_smith.csv","Vcmax","Medlyn",302.338128214687,103,49.5047790546687,47.5842356948512,93.0876305201097,0.391606245998777,122.820359362656,14,50,"Glycine max_r3_35","nick_smith.csv","Vcmax","New",302.183827058103,148,49.5017161155925,47.5787314039074,90.6205809247207,0.3920559729499,122.954218524076,14,50
"93","Glycine max_r5_30","nick_smith.csv","Vcmax","Medlyn",973.958927358455,10,56.5237177315294,75.5975417320908,52.9850221664045,0.366301459818376,115.167630725914,14,50,"Glycine max_r5_30","nick_smith.csv","Vcmax","New",917.119101390286,35,56.162927001522,75.5298295086677,52.9850221664045,0.365396637050088,114.552565722314,14,50
"94","Glycine max_r6_30","nick_smith.csv","Vcmax","Medlyn",450.673285271461,8,51.8999588537092,73.4410472484008,81.7904515691791,0.303924103497448,94.5706159320874,14,50,"Glycine max_r6_30","nick_smith.csv","Vcmax","New",450.669773634419,17,51.8999121016495,73.4358611375532,79.3476902052423,0.304504053111051,94.7438993031915,14,50
"95","January_8_Elevated_wet","wtc1_Aci_processed.csv","Vcmax","Medlyn",54.7160453638289,2,39.2484449310568,44.9212996043087,36.7579562661359,7.31035887660851e-06,21.5625112865549,25.159357143,35.871633333,"January_8_Elevated_wet","wtc1_Aci_processed.csv","Vcmax","New",53.3605341182873,30,39.0979313968498,44.3885408193087,110.273866006806,0.306039057227856,88.1630786826426,25.159357143,35.871633333
"96","Lagerstroemia speciosa","SlotWinterPCE_RawData_DiffusionCorrected.csv","Vcmax","Medlyn",14822.2265267155,22,407.612709046705,71.4333497014329,73.0154137050507,15.9303768283389,4999.99901914444,27.9107692307692,40.4358333333333,"Lagerstroemia speciosa","SlotWinterPCE_RawData_DiffusionCorrected.csv","Vcmax","New",14821.1692226832,19,407.609498977125,71.4636909477587,70.4600627451912,15.9303859478125,4999.99916996675,27.9107692307692,40.4358333333333
"97","Landes_Jan","Medlyn_etal_all.csv","Vcmax","Medlyn",27819.300972582,128,149.408116402406,92.6120307989008,136.902027099995,0.398556898426854,116.701720124841,16.1285714285714,36.1285714285714,"Landes_Jan","Medlyn_etal_all.csv","Vcmax","New",27814.2665249056,36,149.405763584749,92.6902374535029,136.902027099995,0.40536477820845,118.600519123175,16.1285714285714,36.1285714285714
"98","Landes_Mar","Medlyn_etal_all.csv","Vcmax","Medlyn",38567.5562828229,3,122.467512111303,56.2016270661263,62.8931729721724,6.13251976112296,81.9989118940008,17.1857142857143,36.35,"Landes_Mar","Medlyn_etal_all.csv","Vcmax","New",34004.0002468042,27,121.208179709077,56.2066086130183,62.9090461330713,6.11200219450758,75.9830387311689,17.1857142857143,36.35
"99","Landes_Oct","Medlyn_etal_all.csv","Vcmax","Medlyn",4903.2088812632,336,134.945794972049,51.3084349576697,106.815913955747,0.638753695934111,194.877211469275,16.1142857142857,37.2375,"Landes_Oct","Medlyn_etal_all.csv","Vcmax","New",4903.09393366772,11,134.945466761434,51.3069030430851,104.364671224887,0.639044068370829,194.963268429903,16.1142857142857,37.2375
"100","Micropholis guyanensis ssp duckeana_wet","AmazonACIdata_f.csv","Vcmax","Medlyn",409.955747106367,93,44.2696314319775,56.3531932226132,150.978194475836,0.39279061780978,114.471282885588,25.1457142857143,36.9271428571429,"Micropholis guyanensis ssp duckeana_wet","AmazonACIdata_f.csv","Vcmax","New",409.765578163687,67,44.2673115100696,56.3291384935403,150.978194475836,0.400923331836393,116.847029452027,25.1457142857143,36.9271428571429
"101","Oryza sativa_r1_30","nick_smith.csv","Vcmax","Medlyn",257.151320254085,66,48.5334911675474,23.8777870626352,64.3971707891202,0.298726478884202,94.8438691823034,14,50,"Oryza sativa_r1_30","nick_smith.csv","Vcmax","New",257.151861787743,60,48.5335038029036,23.8763479659614,61.9830471465857,0.299039611155266,94.9217603200762,14,50
"102","Oryza sativa_r2_25","nick_smith.csv","Vcmax","Medlyn",694.416805702174,37,54.493937118108,52.2673087545711,111.440715631709,0.419626033480479,129.32488411755,14,50,"Oryza sativa_r2_25","nick_smith.csv","Vcmax","New",681.129580058917,89,54.3780183320484,52.0754444768496,111.440715631709,0.424803949259668,130.750102047867,14,50
"103","Oryza sativa_r3_25","nick_smith.csv","Vcmax","Medlyn",30.0089676261262,397,31.1968666213722,32.4030684798284,53.267233281377,0.505380891837256,167.568885167048,14,50,"Oryza sativa_r3_25","nick_smith.csv","Vcmax","New",62.3887420175999,21,34.8563095456156,34.4664636953079,139.016317211581,0.351927574300306,100.247420271441,14,50
"104","Oryza sativa_r3_35","nick_smith.csv","Vcmax","Medlyn",747.755048297718,35,54.9379556220571,39.4998124684225,99.4968707452156,0.423240257613229,131.937369485484,14,50,"Oryza sativa_r3_35","nick_smith.csv","Vcmax","New",747.329157489622,114,54.9345372929652,39.2351371043294,98.8061609062678,0.42541850239492,132.464549847143,14,50
"105","Oryza sativa_r4_20","nick_smith.csv","Vcmax","Medlyn",29.8429560028122,16,35.6111959223423,4.96860241331052,142.455939058817,4.69999706944386,82.267372915715,14,50,"Oryza sativa_r4_20","nick_smith.csv","Vcmax","New",29.7471916294005,14,35.5919113003722,4.97449439409357,139.028181466138,2.62664841945963,81.4559367455043,14,50
"106","PEFR5","Arctic_A-Ci_curves_2012-2015_test_file.csv","Vcmax","Medlyn",6152.83395831034,50,501.102197080804,94.3413273419512,69.7819057418239,0.833075658084386,252.150465238485,5.10459300457143,24.8603467916667,"PEFR5","Arctic_A-Ci_curves_2012-2015_test_file.csv","Vcmax","New",6152.75772304911,47,501.101391708399,94.3380980586229,67.4044309846351,0.831887825528795,251.783827994215,5.10459300457143,24.8603467916667
"107","Picea mariana","Picea_mariana_way_etal.csv","Vcmax","Medlyn",3454.19956194315,110,354.599286451703,20.8792012670264,63.9784082794482,0.230521428085653,71.1270462864908,9.62444444444444,42.7322222222222,"Picea mariana","Picea_mariana_way_etal.csv","Vcmax","New",3454.12771953785,24,354.59830890883,20.8790504608318,61.5924255727328,0.23123095902399,71.3342167551752,9.62444444444444,42.7322222222222
"108","Picea mariana ","SPRUCE_3_cohort_ACi_data.csv","Vcmax","Medlyn",323116.26535111,17,2885.94085891364,41.319926963919,108.370036997089,0.277968047650236,74.5204002661934,1,50,"Picea mariana ","SPRUCE_3_cohort_ACi_data.csv","Vcmax","New",323049.677189429,9,2885.88108923008,41.360300202373,108.370036997089,0.286787911102287,77.137124452404,1,50
"109","Picea_abies_LT","Pieca_abies_tarvainen_etal.csv","Vcmax","Medlyn",2968.58784500587,87,297.953933802358,62.305478768389,48.3057704214543,0.66948616891695,209.954408546189,11.565,37.6572727272727,"Picea_abies_LT","Pieca_abies_tarvainen_etal.csv","Vcmax","New",2968.41629362186,10,297.951679970688,62.3036371975126,45.8728372189352,0.668149065808131,209.524762092851,11.565,37.6572727272727
"110","Pinus densiflora","Pinus_densiflora_han_etal.csv","Vcmax","Medlyn",648.464188770358,35,81.6119130051006,65.0820369113124,134.766672807592,0.425794462866053,123.612690365301,11.96625,29.6055555555556,"Pinus densiflora","Pinus_densiflora_han_etal.csv","Vcmax","New",648.462383040747,74,81.6118851588115,65.0815937490186,132.344826180611,0.426121900306914,123.712642241674,11.96625,29.6055555555556
"111","Pinus nigra_r1_25","nick_smith.csv","Vcmax","Medlyn",25.044825264641,47,34.5595063088033,43.5419978354319,42.6665082712377,0.392433959120403,124.606523089394,14,50,"Pinus nigra_r1_25","nick_smith.csv","Vcmax","New",19.5166968819943,61,33.063125026559,43.6045853524039,42.6665082712377,0.382568039220976,121.061863149666,14,50
"112","Pinus nigra_r1_30","nick_smith.csv","Vcmax","Medlyn",26.8177785236325,72,34.9698932011872,9.89149488867444,50.0849566779268,0.319749238666453,100.30047956901,14,50,"Pinus nigra_r1_30","nick_smith.csv","Vcmax","New",26.063132753128,92,34.7986335945987,9.89464476702731,50.0849566779268,0.32027959481481,100.122663186635,14,50
"113","Pinus nigra_r2_25","nick_smith.csv","Vcmax","Medlyn",173.281655023748,45,46.1650129353869,59.4035355481553,41.2519146573739,0.3103724054312,98.1007419929674,14,50,"Pinus nigra_r2_25","nick_smith.csv","Vcmax","New",160.354079102399,19,45.6998091165781,59.5369351373622,41.2519146573739,0.30692495502766,96.5926592242726,14,50
"114","Pinus nigra_r2_30","nick_smith.csv","Vcmax","Medlyn",43.9051307283759,54,37.9276900472424,28.1745294721963,31.354213952171,0.519318630571705,166.332492869502,14,50,"Pinus nigra_r2_30","nick_smith.csv","Vcmax","New",37.1902946634895,110,36.9317899158102,28.119980365449,31.354213952171,0.491668175615998,157.050198766065,14,50
"115","Pinus nigra_r3_35","nick_smith.csv","Vcmax","Medlyn",184.665085036574,41,40.2821044983397,33.0053448773844,83.6623256177948,0.239099566213252,69.9599390345907,14,50,"Pinus nigra_r3_35","nick_smith.csv","Vcmax","New",184.492446162737,45,40.2774279342219,33.0697844099841,83.6623256177948,0.246354105821777,71.919190396754,14,50
"116","Pinus pinaster_r1_30","nick_smith.csv","Vcmax","Medlyn",9.24501564104853,187,28.580010269286,15.4774552353202,33.2848130839764,0.424129919759003,135.589119587144,14,50,"Pinus pinaster_r1_30","nick_smith.csv","Vcmax","New",7.8301699746819,10,27.583408236629,15.4826707286644,33.2848130839764,0.404899146503314,128.999609762215,14,50
"117","Pinus pinaster_r1_35","nick_smith.csv","Vcmax","Medlyn",926.80124866377,67,56.2259377682821,42.9257616226245,52.4461100278161,0.399123028369572,125.83071169745,14,50,"Pinus pinaster_r1_35","nick_smith.csv","Vcmax","New",907.633382490172,20,56.1005461289645,42.7732157738423,52.4461100278161,0.397636409087078,125.044435730905,14,50
"118","Pinus pinaster_r2_15","nick_smith.csv","Vcmax","Medlyn",1082.02298866576,46,57.1550291630504,32.6430027033709,26.7504675297959,0.630054726953537,199.322798027558,14,50,"Pinus pinaster_r2_15","nick_smith.csv","Vcmax","New",1021.25196648025,50,56.8082103596345,33.1384980947869,26.7504675297959,0.63982869997825,201.945100829387,14,50
"119","Pinus pinaster_r2_25","nick_smith.csv","Vcmax","Medlyn",84.8358883703265,11,41.8798149203271,38.5332323370092,41.373814418748,0.23431080454127,73.2005948257374,14,50,"Pinus pinaster_r2_25","nick_smith.csv","Vcmax","New",80.3811667637895,29,41.5561823563119,38.6382320094341,41.373814418748,0.235389253491141,73.1065015334015,14,50
"120","Pinus pinaster_r2_30","nick_smith.csv","Vcmax","Medlyn",81.6977929159724,45,41.6536648512801,27.1624365065364,40.4488338393281,0.364458556859122,115.566959443769,14,50,"Pinus pinaster_r2_30","nick_smith.csv","Vcmax","New",75.1484019494355,64,41.1522920361979,27.1516858249577,40.4488338393281,0.359843556697944,113.716717420125,14,50
"121","Pinus pinaster_r2_35","nick_smith.csv","Vcmax","Medlyn",1681.11809777996,44,59.7987892417501,69.7261272998879,52.6982262560839,0.501860533735732,158.705324321785,14,50,"Pinus pinaster_r2_35","nick_smith.csv","Vcmax","New",1577.47400392664,27,59.4169836191907,69.238052927125,52.6982262560839,0.498087123597091,157.210897117586,14,50
"122","Pinus pinaster_r3_25","nick_smith.csv","Vcmax","Medlyn",51.8502302038613,53,38.9256591760489,30.1876460775035,45.5319274941102,0.316414548225869,99.6113346462625,14,50,"Pinus pinaster_r3_25","nick_smith.csv","Vcmax","New",47.6043841474969,61,38.4130520948385,30.2645125345223,45.5319274941102,0.313788470580919,98.3849652930263,14,50
"123","Pinus pinaster_r3_30","nick_smith.csv","Vcmax","Medlyn",108.844688465733,73,43.3750348672252,35.3626026883521,53.9963777297683,0.297080215922109,92.7669533255348,14,50,"Pinus pinaster_r3_30","nick_smith.csv","Vcmax","New",104.181369379679,20,43.1123028287866,35.3849838695104,53.9963777297683,0.297975635801931,92.698945241987,14,50
"124","Pinus pinaster_r4_35","nick_smith.csv","Vcmax","Medlyn",261.125337430203,78,48.6255060017863,33.7168822303241,53.3872361642763,0.42516713234974,134.398443924612,14,50,"Pinus pinaster_r4_35","nick_smith.csv","Vcmax","New",253.449801085469,25,48.4464976097713,33.5769624166273,53.3872361642763,0.420203630835619,132.494915368398,14,50
"125","Pinus pinaster_r5_35","nick_smith.csv","Vcmax","Medlyn",816.042672280495,53,55.4623028175772,42.1099520641493,43.5441907350936,0.52223419044408,165.482324122931,14,50,"Pinus pinaster_r5_35","nick_smith.csv","Vcmax","New",769.857008199479,107,55.1127316930218,41.8626937364796,43.5441907350936,0.517639197270249,163.704457622403,14,50
"126","Pinus pinea_r1_25","nick_smith.csv","Vcmax","Medlyn",16.5259358491465,79,32.0650890279745,30.832785476446,54.5142877899367,0.33511283212422,105.117697756851,14,50,"Pinus pinea_r1_25","nick_smith.csv","Vcmax","New",14.7289737971545,24,31.3744022922815,30.8882279273584,54.5142877899367,0.332930349951317,104.063534683765,14,50
"127","Pinus pinea_r1_30","nick_smith.csv","Vcmax","Medlyn",4.61397768310962,22,24.4100448670035,13.3913010564416,47.85027801253,0.412375771080809,130.821168385568,14,50,"Pinus pinea_r1_30","nick_smith.csv","Vcmax","New",4.07611979353613,17,23.6663759586467,13.363844296813,47.85027801253,0.403508805063133,127.629760367083,14,50
"128","Pinus pinea_r1_35","nick_smith.csv","Vcmax","Medlyn",150.916461498898,14,45.3358616209317,46.7075889360161,53.9205611892103,0.398496762283503,125.834832270018,14,50,"Pinus pinea_r1_35","nick_smith.csv","Vcmax","New",142.941214537699,65,45.0101036807768,46.6199982295498,53.9205611892103,0.392912602538402,123.714178460949,14,50
"129","Pinus pinea_r2_15","nick_smith.csv","Vcmax","Medlyn",722.537659034468,57,54.7321201803839,31.0267665407291,31.5687391090666,0.595434697500087,188.014150182081,14,50,"Pinus pinea_r2_15","nick_smith.csv","Vcmax","New",674.525037032122,15,54.3195556953532,31.4198871584257,31.5687391090666,0.601087277978461,189.391940115197,14,50
"130","Pinus pinea_r2_20","nick_smith.csv","Vcmax","Medlyn",7.16415317302604,50,27.0500421186638,18.1573322485013,32.0687256533352,0.319177274440644,101.685484091233,14,50,"Pinus pinea_r2_20","nick_smith.csv","Vcmax","New",6.07520447508027,36,26.0607968118857,18.2568726287869,32.0687256533352,0.308262651558365,97.7099862133214,14,50
"131","Pinus pinea_r2_25","nick_smith.csv","Vcmax","Medlyn",27.9665161875962,21,35.2215505940231,21.8040273735697,92.7817952500661,0.242663489355784,62.4956030048037,14,50,"Pinus pinea_r2_25","nick_smith.csv","Vcmax","New",27.8402555888516,19,35.1944010255767,21.8164904109544,92.7817952500661,0.250460830448819,65.1855262883193,14,50
"132","Pinus pinea_r2_30","nick_smith.csv","Vcmax","Medlyn",18.431337827751,14,32.7198170815746,40.2191470889524,45.617229768187,0.387500417138286,122.896082048529,14,50,"Pinus pinea_r2_30","nick_smith.csv","Vcmax","New",13.6998476070825,12,30.9398111844376,40.2062128404346,45.617229768187,0.378078259903541,119.506076499661,14,50
"133","Pinus pinea_r2_35","nick_smith.csv","Vcmax","Medlyn",501.231545869106,9,52.5379118995589,47.7324083561617,120.643212774125,0.306300503050808,80.9307584114059,14,50,"Pinus pinea_r2_35","nick_smith.csv","Vcmax","New",500.499715483266,15,52.5291451109687,47.7613826683148,120.643212774125,0.314312737994568,83.5834080425461,14,50
"134","Pinus pinea_r3_30","nick_smith.csv","Vcmax","Medlyn",9.50689546286439,17,28.7476071702856,20.4213833234429,47.2592458205917,0.367717593877125,116.360822478657,14,50,"Pinus pinea_r3_30","nick_smith.csv","Vcmax","New",8.1859302180606,29,27.850004050151,20.4157911629516,47.2592458205917,0.361025299498759,113.851037723493,14,50
"135","Pinus pinea_r3_35","nick_smith.csv","Vcmax","Medlyn",94.6446274760308,34,42.5362776134514,46.361992250759,61.0983865783853,0.430219421729042,135.929669517875,14,50,"Pinus pinea_r3_35","nick_smith.csv","Vcmax","New",94.0350539665378,18,42.4975086929818,46.2008973711935,60.542009632986,0.425419848078748,134.148966527275,14,50
"136","Pinus pinea_r4_35","nick_smith.csv","Vcmax","Medlyn",103.088058520193,91,43.049004289638,25.0196503535385,58.3713564374196,0.406623857546581,128.239466130818,14,50,"Pinus pinea_r4_35","nick_smith.csv","Vcmax","New",100.540848376348,116,42.8988875077843,24.9228598285918,58.3713564374196,0.403003853487844,126.770577773312,14,50
"137","Pinus radiata","Pinus_radiata_Walcroft.csv","Vcmax","Medlyn",588.558450799112,7,186.435946065724,29.4875177420042,53.5139386602709,3.71547019482342,1137.41082930364,8.076875,29.995,"Pinus radiata","Pinus_radiata_Walcroft.csv","Vcmax","New",588.455326712387,16,186.430864394498,29.4877971212604,51.0802329439624,3.70279123018885,1133.45093432818,8.076875,29.995
"138","Pinus sylvestris_r1_35","nick_smith.csv","Vcmax","Medlyn",27.3767593039811,16,35.0936696465304,24.8584883420454,54.1916909214921,0.414198630538356,131.04766494961,14,50,"Pinus sylvestris_r1_35","nick_smith.csv","Vcmax","New",26.569784332689,9,34.9141507859721,24.7939321523396,54.1916909214921,0.406697859046673,128.311528705536,14,50
"139","Pinus sylvestris_r2_25","nick_smith.csv","Vcmax","Medlyn",51.7732087787608,17,38.9167397917813,35.4637873930753,65.6815313903132,0.257263864972077,78.5372501552401,14,50,"Pinus sylvestris_r2_25","nick_smith.csv","Vcmax","New",50.976251133523,11,38.8236620905515,35.5304295960032,65.6815313903132,0.261431693877123,79.5139801715137,14,50
"140","Pinus sylvestris_r2_30","nick_smith.csv","Vcmax","Medlyn",978.340056229202,30,56.5506468213581,69.9860025725977,28.9339033836053,0.515278699490968,164.929158175582,14,50,"Pinus sylvestris_r2_30","nick_smith.csv","Vcmax","New",902.609937988464,23,56.0672459156312,69.8512279110983,28.9339033836053,0.4940132831274,157.704469293407,14,50
"141","Pinus sylvestris_r2_35","nick_smith.csv","Vcmax","Medlyn",8.25285884954273,18,27.8988609344512,27.8875708686272,47.3390610965614,0.3835987565129,121.484815013579,14,50,"Pinus sylvestris_r2_35","nick_smith.csv","Vcmax","New",6.48167372169756,79,26.4493755336184,27.8942964328765,47.3390610965614,0.374869554674838,118.31867120453,14,50
"142","Pinus sylvestris_r3_35","nick_smith.csv","Vcmax","Medlyn",31.2889218875975,22,35.8950875387881,24.7037146589809,50.8114641159149,0.353559744130105,111.486838833405,14,50,"Pinus sylvestris_r3_35","nick_smith.csv","Vcmax","New",30.0224107657015,23,35.6471676990331,24.7245699102785,50.8114641159149,0.348336840483752,109.449401258412,14,50
"143","Pinus sylvestris_summer","Betula_pendula_Pinus_sylvestris_wang_etal.csv","Vcmax","Medlyn",5435.00175884637,46,183.833859688278,92.5887352272575,64.9972659975737,0.724580020307179,220.625174080802,5.33333333333333,31.6428571428571,"Pinus sylvestris_summer","Betula_pendula_Pinus_sylvestris_wang_etal.csv","Vcmax","New",5434.84668965589,105,183.833289048526,92.5915248754582,62.6138432111283,0.724163545131364,220.489941319282,5.33333333333333,31.6428571428571
"144","Pinus sylvestris_TAR_FNEC1H","scots_pine_tarvainen.csv","Vcmax","Medlyn",297.304390387719,25,42.6631678191894,74.7902651857849,89.6729607185442,0.254140443437163,71.9239370848766,15,35,"Pinus sylvestris_TAR_FNEC1H","scots_pine_tarvainen.csv","Vcmax","New",297.835966492683,23,42.6720997667575,74.7584805616264,89.6729607185442,0.261303369945455,73.8220916118157,15,35
"145","Pinus sylvestris_TAR_FSWC1H","scots_pine_tarvainen.csv","Vcmax","Medlyn",213.398183753885,117,41.005184471234,96.9143785741587,69.1069634243922,0.530686955292222,164.840077523973,15,35,"Pinus sylvestris_TAR_FSWC1H","scots_pine_tarvainen.csv","Vcmax","New",213.329483920999,17,41.0035745490592,96.9130083515152,66.6841824213953,0.530460237654959,164.759232392068,15,35
"146","Pinus sylvestris_TAR_NNEC1H","scots_pine_tarvainen.csv","Vcmax","Medlyn",46.4846841812765,31,33.3849997615099,80.2204199824989,139.484644667217,0.419441873327816,122.622968722928,15,35,"Pinus sylvestris_TAR_NNEC1H","scots_pine_tarvainen.csv","Vcmax","New",45.4516962232714,32,33.2726360349024,80.2674475512725,139.484644667217,0.426167228863651,124.496313967733,15,35
"147","Pinus sylvestris_TAR_NSWC1H","scots_pine_tarvainen.csv","Vcmax","Medlyn",82.1677168027332,8,36.2331977585148,88.4742035142151,142.524334008816,0.863055146037172,95.0161987938044,15,35,"Pinus sylvestris_TAR_NSWC1H","scots_pine_tarvainen.csv","Vcmax","New",81.3861211577965,10,36.185409115669,88.4569609406131,142.524334008816,1.95092549797222,97.5131022341338,15,35
"148","Piper glabrescens_15","kelsey_cater_Aci_PuertoRico.csv","Vcmax","Medlyn",64.4116753664039,25,35.0158598879858,18.6645327283096,213.807744470134,0.539670863385284,159.228350851002,22.7999347033333,39.86952114,"Piper glabrescens_15","kelsey_cater_Aci_PuertoRico.csv","Vcmax","New",64.7847350308375,15,35.0447353575236,18.694109040624,213.807744470134,0.54701358160108,161.333010599585,22.7999347033333,39.86952114
"149","Piper glabrescens_17","kelsey_cater_Aci_PuertoRico.csv","Vcmax","Medlyn",20.9087971694891,12,29.3902352700988,11.0466919237464,155.010890613302,1.56298746860078,66.1677237869922,21.9554721525,39.8710320775,"Piper glabrescens_17","kelsey_cater_Aci_PuertoRico.csv","Vcmax","New",20.8386254494639,9,29.3734266189992,11.0502538029917,99.8133196566595,0.43207928862653,13.5246758086504,21.9554721525,39.8710320775
"150","Piper glabrescens_25","kelsey_cater_Aci_PuertoRico.csv","Vcmax","Medlyn",1069.19421182243,25,57.0834663533731,14.0767536271388,108.38508048301,0.0821103070127632,44.9950366807729,22.8833068216667,39.9294300091667,"Piper glabrescens_25","kelsey_cater_Aci_PuertoRico.csv","Vcmax","New",1069.17366894182,32,57.0833510717278,14.0808846223211,105.825688354627,0.0533688796598189,40.1969278945093,22.8833068216667,39.9294300091667
"151","Piper glabrescens_5","kelsey_cater_Aci_PuertoRico.csv","Vcmax","Medlyn",67.164988172533,8,35.2251458441431,17.8664842041998,247.298564551944,0.587827926598133,170.877073198849,22.8547207508333,39.9091005333333,"Piper glabrescens_5","kelsey_cater_Aci_PuertoRico.csv","Vcmax","New",67.349788980293,21,35.2388841804015,17.8865679397246,247.298564551944,0.596080285548843,173.260326502655,22.8547207508333,39.9091005333333
"152","Piper glabrescens_6","kelsey_cater_Aci_PuertoRico.csv","Vcmax","Medlyn",88.9484837972933,397,36.6296721740714,16.9526511166395,121.653473123896,0.314051718812809,97.3095064089339,23.1086695991667,39.9674170816667,"Piper glabrescens_6","kelsey_cater_Aci_PuertoRico.csv","Vcmax","New",109.273909469363,10,37.6586736370941,16.9253053874794,243.633199265861,0.601769582991334,177.067144072734,23.1086695991667,39.9674170816667
"153","Piper glabrescens_7","kelsey_cater_Aci_PuertoRico.csv","Vcmax","Medlyn",94.1891884380936,396,36.9159123449271,10.8348169897099,155.754017044125,4.70941976808944,1474.37353319559,21.5246428085714,39.9020605066667,"Piper glabrescens_7","kelsey_cater_Aci_PuertoRico.csv","Vcmax","New",94.140708128325,394,36.9133381221551,10.8538450665779,153.050843492831,4.55382441373906,1425.67124574998,21.5246428085714,39.9020605066667
"154","Piper glabrescens_8","kelsey_cater_Aci_PuertoRico.csv","Vcmax","Medlyn",151.291123725327,11,39.2854150938156,22.5726221037358,139.498910520577,2.23509482455587,34.6000920220505,20.2117304783333,39.9377282441667,"Piper glabrescens_8","kelsey_cater_Aci_PuertoRico.csv","Vcmax","New",150.849749890049,9,39.2708068700436,22.5824065577138,314.696414734884,6.2047226292255,212.358772021574,20.2117304783333,39.9377282441667
"155","Poa pratensis_r1_15","nick_smith.csv","Vcmax","Medlyn",93.3428514597117,26,42.4531786645902,12.2864906183583,100.918427026837,0.807528101363075,256.804211014407,14,50,"Poa pratensis_r1_15","nick_smith.csv","Vcmax","New",98.2279758827058,33,42.7592492986909,12.0613774370752,100.918427026837,0.789227246385581,250.688223790276,14,50
"156","Populus deltoides_205","dillaway_etal.csv","Vcmax","Medlyn",119.908173330705,157,43.9558602948636,161.986434190593,70.9527542970239,0.42372853353732,131.163665646865,21.4071428571429,33.7014285714286,"Populus deltoides_205","dillaway_etal.csv","Vcmax","New",119.898041080841,157,43.9553532729804,161.985310538208,68.5222728030176,0.423881175407311,131.201824807845,21.4071428571429,33.7014285714286
"157","Prestoea montana_17","kelsey_cater_Aci_PuertoRico.csv","Vcmax","Medlyn",1252.02442075141,397,58.0306052704019,9.11745800439592,213.277346649964,0.994885590708875,306.626679161994,23.1004390708333,40.8985989908333,"Prestoea montana_17","kelsey_cater_Aci_PuertoRico.csv","Vcmax","New",1326.74843088562,398,58.3784215634204,9.49709894032341,207.087245021301,0.969983671274271,298.926296550013,23.1004390708333,40.8985989908333
"158","Prestoea montana_22","kelsey_cater_Aci_PuertoRico.csv","Vcmax","Medlyn",692.152172398056,395,46.8884145008069,20.5808350380577,68.2854772967267,2.53505749750694,787.923706879422,22.04306507,39.8462686533333,"Prestoea montana_22","kelsey_cater_Aci_PuertoRico.csv","Vcmax","New",940.038300030997,397,48.4189884277859,20.3209824080571,68.2854772967267,1.68907214066693,524.666570551104,22.04306507,39.8462686533333
"159","Prestoea montana_25","kelsey_cater_Aci_PuertoRico.csv","Vcmax","Medlyn",9.55814626146112,33,28.7798657445656,12.4155961302835,89.7264464598981,0.309529510746874,99.0081330950606,23.6282766658333,39.9525442133333,"Prestoea montana_25","kelsey_cater_Aci_PuertoRico.csv","Vcmax","New",9.55772404436051,59,28.7796006975064,12.4156203525375,87.2794330426429,0.309670975244073,99.0338771699406,23.6282766658333,39.9525442133333
"160","Prestoea montana_9","kelsey_cater_Aci_PuertoRico.csv","Vcmax","Medlyn",391.005369816019,31,44.0329917992261,21.2284065458783,217.594485007854,0.551276825012318,163.250544240918,22.6066852918182,40.0227425891667,"Prestoea montana_9","kelsey_cater_Aci_PuertoRico.csv","Vcmax","New",392.424776384921,29,44.0511096637081,21.4422765817739,217.594485007854,0.555951706699706,164.384773466108,22.6066852918182,40.0227425891667
"161","Psychotria brachiata_1","kelsey_cater_Aci_PuertoRico.csv","Vcmax","Medlyn",5355.28505601515,39,94.0245482072648,34.5700640385419,202.581622745814,0.512615142114669,151.168120562597,21.9261816333333,40.6196006133333,"Psychotria brachiata_1","kelsey_cater_Aci_PuertoRico.csv","Vcmax","New",5354.06293171613,80,94.0224940917852,34.5512841444516,202.581622745814,0.520758899608282,153.568810168043,21.9261816333333,40.6196006133333
"162","Psychotria brachiata_11","kelsey_cater_Aci_PuertoRico.csv","Vcmax","Medlyn",5.6882680666058,25,22.8814144312332,21.8168707552143,185.705192455911,0.641905948008659,194.402578478908,22.61152061,39.1209707258333,"Psychotria brachiata_11","kelsey_cater_Aci_PuertoRico.csv","Vcmax","New",5.26015985251731,18,22.490192414548,21.8049789900665,185.705192455911,0.646660725690676,195.735528755665,22.61152061,39.1209707258333
"163","Psychotria brachiata_2","kelsey_cater_Aci_PuertoRico.csv","Vcmax","Medlyn",55.1456538202289,1,34.2392750123998,36.2436530618867,80.8619613637161,0.65,250,20.4159965525,41.4010896691667,"Psychotria brachiata_2","kelsey_cater_Aci_PuertoRico.csv","Vcmax","New",55.0965338362655,45,34.2348193690333,36.255872958474,78.3019087630291,0.10046677133351,67.6672474451272,20.4159965525,41.4010896691667
"164","Psychotria brachiata_3","kelsey_cater_Aci_PuertoRico.csv","Vcmax","Medlyn",14690.9841421411,15,103.106898636827,31.0226274899586,89.1521067691924,5.91465314738274,16.9991078167713,21.9119273825,40.6223510083333,"Psychotria brachiata_3","kelsey_cater_Aci_PuertoRico.csv","Vcmax","New",40145.5126614739,6,112.154388827377,31.0227079717102,89.1525414180513,6.03112153298782,53.9986731642681,21.9119273825,40.6223510083333
"165","Psychotria brachiata_42","kelsey_cater_Aci_PuertoRico.csv","Vcmax","Medlyn",734.339239588887,40,47.1842408376416,26.3592122724128,217.817263001721,0.593007266224551,176.828163517566,22.9087471966667,39.8409290333333,"Psychotria brachiata_42","kelsey_cater_Aci_PuertoRico.csv","Vcmax","New",731.809777348799,153,47.1669883979477,26.3329674558381,217.817263001721,0.601103114462068,179.223434420943,22.9087471966667,39.8409290333333
"166","Quercus virginiana_r1_20","nick_smith.csv","Vcmax","Medlyn",83.8551500495274,106,41.8100483662763,75.4057738800954,65.8923649020798,0.509398781425874,160.549000996078,14,50,"Quercus virginiana_r1_20","nick_smith.csv","Vcmax","New",62.6906937479976,11,40.0647809985339,75.2925600298951,65.8923649020798,0.503594721493545,158.401544805376,14,50
"167","Quercus virginiana_r1_35","nick_smith.csv","Vcmax","Medlyn",9.69576640211297,38,25.5478320162738,49.0439696220768,52.0010943855401,0.373323595276055,121.038328827325,14,50,"Quercus virginiana_r1_35","nick_smith.csv","Vcmax","New",9.65389351934464,44,25.5261918694695,49.0386785765967,49.5636462423858,0.372694597387968,120.807988951936,14,50
"168","Quercus virginiana_r2_20","nick_smith.csv","Vcmax","Medlyn",156.035519943362,9,45.5360049688858,82.5531139550211,49.0901721060294,0.543901179411028,172.539167159412,14,50,"Quercus virginiana_r2_20","nick_smith.csv","Vcmax","New",108.877399426273,83,43.3768377689575,82.5932178187592,49.0901721060294,0.52995141453143,167.736405334842,14,50
"169","Quercus virginiana_r2_25","nick_smith.csv","Vcmax","Medlyn",411.641930881083,87,51.3564261591888,52.6226592095367,78.2860062694335,0.302939909213843,92.6416915561136,14,50,"Quercus virginiana_r2_25","nick_smith.csv","Vcmax","New",403.791425680854,27,51.2408937587028,52.6604820839449,78.2860062694335,0.308351146864602,94.0796371437466,14,50
"170","Quercus virginiana_r2_35","nick_smith.csv","Vcmax","Medlyn",38.7231107201516,5,32.4715683221881,44.6079891519833,56.5736991211739,0.665386537190031,215.431893484465,23,50,"Quercus virginiana_r2_35","nick_smith.csv","Vcmax","New",38.6748538862032,18,32.4653334243524,44.6079055205454,54.0722166486918,0.663753852554695,214.889928401753,23,50
"171","Quercus virginiana_r3_30","nick_smith.csv","Vcmax","Medlyn",117.506160653364,38,43.8344475090413,58.7612316468037,80.9535113623455,0.368094248866661,114.281999994235,14,50,"Quercus virginiana_r3_30","nick_smith.csv","Vcmax","New",107.018859076406,113,43.2735333611181,58.6716486551201,80.9535113623455,0.370050739583797,114.624559511828,14,50
"172","Quercus_petraea_summer","DreyerSevenSpp_final.csv","Vcmax","Medlyn",4517.73197520263,27,187.614132192463,79.5820408525978,60.788874026462,10.6984347576926,3355.57393408786,10.1160606063636,40.1819047621429,"Quercus_petraea_summer","DreyerSevenSpp_final.csv","Vcmax","New",4518.06784233078,82,187.61569336244,79.5649359263834,58.2858730792971,10.6694639751474,3346.49013810004,10.1160606063636,40.1819047621429
"173","Quercus_robur_summer","DreyerSevenSpp_final.csv","Vcmax","Medlyn",20156.9248483723,45,288.911127030944,88.2442326081551,62.3601162803246,0.465025831416805,149.606734938912,10.0236363633636,40.1422222213333,"Quercus_robur_summer","DreyerSevenSpp_final.csv","Vcmax","New",20156.7762964668,14,288.910913306819,88.2352582461729,59.9305009070204,0.462978099645319,148.931206870434,10.0236363633636,40.1422222213333
"174","Tamarindus indica_r1_20","nick_smith.csv","Vcmax","Medlyn",107.060803070489,46,37.5563699623594,18.2735130320129,39.9463421786708,0.360734069809489,113.751153136263,14,50,"Tamarindus indica_r1_20","nick_smith.csv","Vcmax","New",101.952462006346,74,37.3119185614658,18.3587314884398,39.9463421786708,0.36108246185441,113.49420514119,14,50
"175","Tamarindus indica_r3_30","nick_smith.csv","Vcmax","Medlyn",503.562571329921,29,52.5657507923559,52.5373947870331,34.086155954813,0.731427391176216,234.023910457633,14,50,"Tamarindus indica_r3_30","nick_smith.csv","Vcmax","New",452.693688595795,17,51.9267972051412,52.3849960725194,34.086155954813,0.690717576542765,220.559086810372,14,50
"176","Tamjoute_Jan","Medlyn_etal_all.csv","Vcmax","Medlyn",2834.20816952748,30,112.054392710807,73.7510891982233,119.270995180103,0.401892725699772,118.722488570013,16.15,35.8,"Tamjoute_Jan","Medlyn_etal_all.csv","Vcmax","New",2827.4711815672,137,112.02583443731,73.8421834187291,119.270995180103,0.408195289924566,120.470092312168,16.15,35.8
"177","Tamjoute_Jul","Medlyn_etal_all.csv","Vcmax","Medlyn",10706.4874338464,4,100.259441538904,40.4147260028883,71.5479674495534,6.13041071709397,85.9981441220411,16.75,34.3714285714286,"Tamjoute_Jul","Medlyn_etal_all.csv","Vcmax","New",734.700540264058,43,76.1471621801524,41.1544056282975,214.638334715114,0.531748353643875,150.862740898411,16.75,34.3714285714286
"178","Tipuana tipu_r1_30","nick_smith.csv","Vcmax","Medlyn",38.3117637535718,74,37.1100449090636,30.6289805803261,47.7274535805805,0.471915375610489,149.851125519787,14,50,"Tipuana tipu_r1_30","nick_smith.csv","Vcmax","New",30.727437947297,89,35.7864389271474,30.5150841793151,47.7274535805805,0.461744440227813,146.261790678453,14,50
"179","Tipuana tipu_r2_30","nick_smith.csv","Vcmax","Medlyn",373.718649478154,66,50.7765223703787,41.8054791758384,51.1824876584528,0.416207749777427,131.531295873647,14,50,"Tipuana tipu_r2_30","nick_smith.csv","Vcmax","New",356.417093964893,102,50.4921128730936,41.7072550982142,51.1824876584528,0.411725798086169,129.772751626449,14,50
"180","Tipuana tipu_r3_30","nick_smith.csv","Vcmax","Medlyn",71.2205269053611,30,40.8301893858298,34.3232219160075,53.0814124104607,0.326861127445001,102.630258867866,14,50,"Tipuana tipu_r3_30","nick_smith.csv","Vcmax","New",67.7330383977939,95,40.5289473652088,34.3438809452684,53.0814124104607,0.324640778023237,101.560668375032,14,50
"181","Triticum aestivum_r1_15","nick_smith.csv","Vcmax","Medlyn",1.29111805903149,31,15.4669281091605,41.4858529737226,44.0694213859806,1.2917355167815,415.930616495791,14,50,"Triticum aestivum_r1_15","nick_smith.csv","Vcmax","New",1.26331505118585,9,15.3580816268701,41.4754695447083,41.595339499923,1.27659980622648,411.026608695435,14,50
"182","Triticum aestivum_r1_20","nick_smith.csv","Vcmax","Medlyn",60.5976497906798,94,34.7106658820027,55.9497786652081,56.5175300285267,0.501941239306814,158.656748965697,14,50,"Triticum aestivum_r1_20","nick_smith.csv","Vcmax","New",43.2830875443062,10,33.0281951861358,55.8715666688925,56.5175300285267,0.493858086532419,155.760881379913,14,50
"183","Triticum aestivum_r1_25","nick_smith.csv","Vcmax","Medlyn",2083.26623410585,21,52.3978465616191,50.9505858622497,49.8491942697079,0.395891918400656,124.126652451778,14,50,"Triticum aestivum_r1_25","nick_smith.csv","Vcmax","New",2029.6749580943,72,52.2675400322968,51.1228168521477,49.8491942697079,0.400073663093529,125.145529818098,14,50
"184","Triticum aestivum_r2_15","nick_smith.csv","Vcmax","Medlyn",1711.09023056374,2,51.4138153724155,25.7074445334682,23.022986906066,0.74575454511729,240.81252017199,14,50,"Triticum aestivum_r2_15","nick_smith.csv","Vcmax","New",1480.20818952117,2,50.68907545935,25.7074442797202,23.0229863383019,0.730091649685421,240.189119705413,14,50
"185","Triticum aestivum_r2_20","nick_smith.csv","Vcmax","Medlyn",4043.17359212487,1,65.0642141603275,32.3071781319911,22.5557122699616,0.65,263,14,50,"Triticum aestivum_r2_20","nick_smith.csv","Vcmax","New",4049.41099494171,16,65.0734632262864,32.2863725355863,42.3812052582758,0.257059627905127,22.380402623598,14,50
"186","Triticum aestivum_r2_25","nick_smith.csv","Vcmax","Medlyn",17.020435269313,14,28.3614588160888,3.3685241049383,162.491941804347,3.66168983003111,102.385923259627,14,50,"Triticum aestivum_r2_25","nick_smith.csv","Vcmax","New",16.9685600684207,19,28.3461964522983,3.37288847076857,141.455003844758,4.21877361887613,83.9684747232033,14,50
"187","Triticum aestivum_r3_35","nick_smith.csv","Vcmax","Medlyn",824.450367916445,8,55.5238045908503,68.493105905863,48.4139574318564,0.62355834733181,198.674418351156,14,50,"Triticum aestivum_r3_35","nick_smith.csv","Vcmax","New",767.98943965329,10,55.0981588248381,67.6757484725231,48.4139574318564,0.607059832640582,193.085995049212,14,50
"188","Triticum aestivum_r4_15","nick_smith.csv","Vcmax","Medlyn",219.861592873996,12,47.5934922796555,26.293807584872,77.7289606536631,0.601193550899427,190.441985207178,14,50,"Triticum aestivum_r4_15","nick_smith.csv","Vcmax","New",239.209574868073,26,48.0995432291562,26.0439657393187,77.7289606536631,0.590288904692917,186.680637154387,14,50
"189","Ulmus americana_r1_35","nick_smith.csv","Vcmax","Medlyn",163.124661699772,59,45.8025911544501,16.209680677997,32.8029351672255,0.511658607101844,162.574813635576,14,50,"Ulmus americana_r1_35","nick_smith.csv","Vcmax","New",155.561065271359,13,45.5177330726768,16.1610736742313,32.8029351672255,0.507037430919786,160.742106432168,14,50
"190","Ulmus americana_r2_15","nick_smith.csv","Vcmax","Medlyn",22.3036509698915,24,33.8640052433575,14.7284323701914,29.8852970362204,0.625350573253158,199.582576267649,14,50,"Ulmus americana_r2_15","nick_smith.csv","Vcmax","New",18.5214609617522,14,32.749083599611,14.8058529089971,29.8852970362204,0.595979552512737,189.749567962862,14,50
"191","Ulmus americana_r2_30","nick_smith.csv","Vcmax","Medlyn",9.66790540497688,145,28.8483729999333,12.1945972601462,73.1093631171178,0.509621572928749,160.51280735825,14,50,"Ulmus americana_r2_30","nick_smith.csv","Vcmax","New",8.62586677382602,116,28.1640956495329,12.1404499768896,73.1093631171178,0.50626340926051,159.166713641029,14,50
"192","Ulmus americana_r2_35","nick_smith.csv","Vcmax","Medlyn",362.885384803788,15,50.6000251696176,33.2256665189945,67.9963969574445,0.392205111701316,122.890504682021,14,50,"Ulmus americana_r2_35","nick_smith.csv","Vcmax","New",355.082705169318,61,50.4696073371251,33.0794845602502,67.9963969574445,0.392683058527399,122.760790245664,14,50
"193","Ulmus americana_r3_15","nick_smith.csv","Vcmax","Medlyn",109.442953670396,55,43.4079235839723,17.0399374212176,23.4231799725797,0.637956909878305,203.51174000675,14,50,"Ulmus americana_r3_15","nick_smith.csv","Vcmax","New",98.7572357321848,33,42.7914909752332,17.1920495835807,23.4231799725797,0.617499106163821,196.505349430952,14,50
"194","Ulmus americana_r3_30","nick_smith.csv","Vcmax","Medlyn",63.1734034355956,19,40.1108032144062,42.5317829248305,52.4788952981157,0.473018994841095,150.386408450231,14,50,"Ulmus americana_r3_30","nick_smith.csv","Vcmax","New",63.1074657879759,13,40.1045374051177,42.5265867487182,50.0284225104361,0.473034258751508,150.376111507771,14,50
"195","Ulmus americana_r3_35","nick_smith.csv","Vcmax","Medlyn",847.053846809251,21,55.6860885264039,57.2603309283477,43.0424567730361,0.652251387507577,207.580761041069,14,50,"Ulmus americana_r3_35","nick_smith.csv","Vcmax","New",766.801841116223,56,55.0888734024699,56.6591730763026,43.0424567730361,0.637136270772714,202.434847104198,14,50
"196","walcroft peach.csv","walcroft peach.csv","Vcmax","Medlyn",18836.7955105215,29,226.444057521659,70.4341582824696,97.231104110025,0.602012277589358,186.790467463625,11,37,"walcroft peach.csv","walcroft peach.csv","Vcmax","New",18835.9932677162,19,226.443120540761,70.4322396121014,94.765918057322,0.602127428372866,186.820744107524,11,37
