,Week ,DOY,Location,daily_C_Medlyn,daily_C_new,diff_Hdfit200_W1,diff_HdFit200_W12,SD_temp,SD_VPD,SD_PAR
1,1,Aug_17,Albuquerque,-0.010127722,-0.01012276,-4.96E-06,-8.43E-06,7.172776052,2.53831642,2.53831642
19,1,Aug_17,Albuquerque,-0.010127722,-0.01012276,-4.96E-06,-8.43E-06,7.172776052,2.53831642,2.53831642
37,1,Aug_17,Albuquerque,-0.006849409,-0.0068469,-2.51E-06,-4.26E-06,7.172776052,2.53831642,2.53831642
55,1,Aug_17,Albuquerque,-0.006849409,-0.0068469,-2.51E-06,-4.26E-06,7.172776052,2.53831642,2.53831642
73,1,Aug_17,Albuquerque,0.062011286,0.062012857,-1.57E-06,-2.67E-06,7.172776052,2.53831642,2.53831642
91,1,Aug_17,Albuquerque,0.058444983,0.058438191,6.79E-06,1.15E-05,7.172776052,2.53831642,2.53831642
109,1,Aug_17,Albuquerque,0.026733406,0.026733045,3.61E-07,6.13E-07,7.172776052,2.53831642,2.53831642
127,1,Aug_17,Albuquerque,0.017652989,0.017652408,5.81E-07,9.88E-07,7.172776052,2.53831642,2.53831642
145,1,Aug_17,Albuquerque,-0.035227392,-0.034669116,-0.000558276,-0.000948438,7.172776052,2.53831642,2.53831642
163,1,Aug_17,Albuquerque,0.059686921,0.059682634,4.29E-06,7.28E-06,7.172776052,2.53831642,2.53831642
181,1,Aug_17,Albuquerque,0.023147825,0.023148126,-3.00E-07,-5.10E-07,7.172776052,2.53831642,2.53831642
199,1,Aug_17,Albuquerque,0.036568623,0.036571658,-3.04E-06,-5.16E-06,7.172776052,2.53831642,2.53831642
217,1,Aug_17,Albuquerque,0.002631506,0.002631646,-1.40E-07,-2.39E-07,7.172776052,2.53831642,2.53831642
235,1,Aug_17,Albuquerque,0.010610602,0.01060636,4.24E-06,7.21E-06,7.172776052,2.53831642,2.53831642
253,1,Aug_17,Albuquerque,-0.031743406,-0.031750931,7.52E-06,1.28E-05,7.172776052,2.53831642,2.53831642
271,1,Aug_17,Albuquerque,0.054088011,0.054087771,2.40E-07,4.08E-07,7.172776052,2.53831642,2.53831642
289,1,Aug_17,Albuquerque,0.045391877,0.045389501,2.38E-06,4.04E-06,7.172776052,2.53831642,2.53831642
307,1,Aug_17,Albuquerque,-0.023176187,-0.023175336,-8.51E-07,-1.45E-06,7.172776052,2.53831642,2.53831642
325,1,Aug_17,Albuquerque,0.040671216,0.040670792,4.24E-07,7.20E-07,7.172776052,2.53831642,2.53831642
343,1,Aug_17,Albuquerque,0.041198639,0.041198008,6.31E-07,1.07E-06,7.172776052,2.53831642,2.53831642
361,1,Aug_17,Albuquerque,0.047701506,0.047702917,-1.41E-06,-2.40E-06,7.172776052,2.53831642,2.53831642
379,1,Aug_17,Albuquerque,0.026559273,0.02655804,1.23E-06,2.10E-06,7.172776052,2.53831642,2.53831642
397,1,Aug_17,Albuquerque,0.04910357,0.049107965,-4.39E-06,-7.47E-06,7.172776052,2.53831642,2.53831642
415,1,Aug_17,Albuquerque,0.055194102,0.055194466,-3.64E-07,-6.18E-07,7.172776052,2.53831642,2.53831642
433,1,Aug_17,Albuquerque,-0.020737469,-0.020742611,5.14E-06,8.73E-06,7.172776052,2.53831642,2.53831642
451,1,Aug_17,Albuquerque,-0.027776954,-0.027774922,-2.03E-06,-3.45E-06,7.172776052,2.53831642,2.53831642
469,1,Aug_17,Albuquerque,0.020006479,0.020008174,-1.69E-06,-2.88E-06,7.172776052,2.53831642,2.53831642
487,1,Aug_17,Albuquerque,0.039534822,0.039533899,9.23E-07,1.57E-06,7.172776052,2.53831642,2.53831642
505,1,Aug_17,Albuquerque,0.076749803,0.076747577,2.23E-06,3.78E-06,7.172776052,2.53831642,2.53831642
523,1,Aug_17,Albuquerque,0.038039522,0.038039734,-2.12E-07,-3.60E-07,7.172776052,2.53831642,2.53831642
541,1,Aug_17,Albuquerque,0.01208762,0.012086999,6.21E-07,1.05E-06,7.172776052,2.53831642,2.53831642
559,1,Aug_17,Albuquerque,0.027066171,0.027063765,2.41E-06,4.09E-06,7.172776052,2.53831642,2.53831642
577,1,Aug_17,Albuquerque,0.004003928,0.004003937,-8.49E-09,-1.44E-08,7.172776052,2.53831642,2.53831642
595,1,Aug_17,Albuquerque,-0.01293407,-0.012896064,-3.80E-05,-6.46E-05,7.172776052,2.53831642,2.53831642
613,1,Aug_17,Albuquerque,0.014945487,0.014941689,3.80E-06,6.45E-06,7.172776052,2.53831642,2.53831642
631,1,Aug_17,Albuquerque,0.036817479,0.036814839,2.64E-06,4.48E-06,7.172776052,2.53831642,2.53831642
649,1,Aug_17,Albuquerque,0.052170861,0.052166727,4.13E-06,7.02E-06,7.172776052,2.53831642,2.53831642
667,1,Aug_17,Albuquerque,0.054732079,0.054756253,-2.42E-05,-4.11E-05,7.172776052,2.53831642,2.53831642
685,1,Aug_17,Albuquerque,0.08681053,0.08681256,-2.03E-06,-3.45E-06,7.172776052,2.53831642,2.53831642
703,1,Aug_17,Albuquerque,0.080003386,0.080005081,-1.69E-06,-2.88E-06,7.172776052,2.53831642,2.53831642
721,1,Aug_17,Albuquerque,0.02633379,0.026331734,2.06E-06,3.49E-06,7.172776052,2.53831642,2.53831642
739,1,Aug_17,Albuquerque,0.032436799,0.032433884,2.92E-06,4.95E-06,7.172776052,2.53831642,2.53831642
757,1,Aug_17,Albuquerque,0.030364054,0.030367982,-3.93E-06,-6.67E-06,7.172776052,2.53831642,2.53831642
775,1,Aug_17,Albuquerque,0.030710682,0.030710505,1.77E-07,3.01E-07,7.172776052,2.53831642,2.53831642
793,1,Aug_17,Albuquerque,-0.001504852,-0.001526541,2.17E-05,3.68E-05,7.172776052,2.53831642,2.53831642
811,1,Aug_17,Albuquerque,0.032294064,0.032293772,2.92E-07,4.95E-07,7.172776052,2.53831642,2.53831642
829,1,Aug_17,Albuquerque,0.001292782,0.001292841,-5.86E-08,-9.95E-08,7.172776052,2.53831642,2.53831642
847,1,Aug_17,Albuquerque,0.013957944,0.01395524,2.70E-06,4.59E-06,7.172776052,2.53831642,2.53831642
865,1,Aug_17,Albuquerque,0.001323383,0.002686571,-0.001363188,-0.002315878,7.172776052,2.53831642,2.53831642
883,1,Aug_17,Albuquerque,0.026020185,0.026019799,3.86E-07,6.56E-07,7.172776052,2.53831642,2.53831642
3,1,Aug_18,Albuquerque,-0.009673047,-0.009663879,-9.17E-06,-1.56E-05,8.134194724,2.825402956,2.825402956
21,1,Aug_18,Albuquerque,-0.009673047,-0.009663879,-9.17E-06,-1.56E-05,8.134194724,2.825402956,2.825402956
39,1,Aug_18,Albuquerque,-0.005630607,-0.005630103,-5.04E-07,-8.56E-07,8.134194724,2.825402956,2.825402956
57,1,Aug_18,Albuquerque,-0.005630607,-0.005630103,-5.04E-07,-8.56E-07,8.134194724,2.825402956,2.825402956
75,1,Aug_18,Albuquerque,0.040148812,0.040148568,2.44E-07,4.14E-07,8.134194724,2.825402956,2.825402956
93,1,Aug_18,Albuquerque,0.044065475,0.044062818,2.66E-06,4.52E-06,8.134194724,2.825402956,2.825402956
111,1,Aug_18,Albuquerque,0.013990358,0.013990924,-5.65E-07,-9.61E-07,8.134194724,2.825402956,2.825402956
129,1,Aug_18,Albuquerque,0.017898837,0.017898804,3.25E-08,5.53E-08,8.134194724,2.825402956,2.825402956
147,1,Aug_18,Albuquerque,-0.038664055,-0.038114046,-0.000550009,-0.000934393,8.134194724,2.825402956,2.825402956
165,1,Aug_18,Albuquerque,0.049505579,0.049500463,5.12E-06,8.69E-06,8.134194724,2.825402956,2.825402956
183,1,Aug_18,Albuquerque,0.000856151,0.000851603,4.55E-06,7.73E-06,8.134194724,2.825402956,2.825402956
201,1,Aug_18,Albuquerque,0.030119022,0.030124013,-4.99E-06,-8.48E-06,8.134194724,2.825402956,2.825402956
219,1,Aug_18,Albuquerque,0.004364677,0.004364301,3.77E-07,6.40E-07,8.134194724,2.825402956,2.825402956
237,1,Aug_18,Albuquerque,-0.003273605,-0.003274133,5.28E-07,8.97E-07,8.134194724,2.825402956,2.825402956
255,1,Aug_18,Albuquerque,-0.03580008,-0.03581542,1.53E-05,2.61E-05,8.134194724,2.825402956,2.825402956
273,1,Aug_18,Albuquerque,0.042408273,0.042411193,-2.92E-06,-4.96E-06,8.134194724,2.825402956,2.825402956
291,1,Aug_18,Albuquerque,0.036933463,0.03693381,-3.47E-07,-5.90E-07,8.134194724,2.825402956,2.825402956
309,1,Aug_18,Albuquerque,-0.030331633,-0.03033001,-1.62E-06,-2.76E-06,8.134194724,2.825402956,2.825402956
327,1,Aug_18,Albuquerque,0.034085435,0.034086736,-1.30E-06,-2.21E-06,8.134194724,2.825402956,2.825402956
345,1,Aug_18,Albuquerque,0.032784347,0.032785342,-9.96E-07,-1.69E-06,8.134194724,2.825402956,2.825402956
363,1,Aug_18,Albuquerque,0.037311436,0.037315376,-3.94E-06,-6.69E-06,8.134194724,2.825402956,2.825402956
381,1,Aug_18,Albuquerque,0.018750991,0.018752445,-1.45E-06,-2.47E-06,8.134194724,2.825402956,2.825402956
399,1,Aug_18,Albuquerque,0.029798023,0.029805542,-7.52E-06,-1.28E-05,8.134194724,2.825402956,2.825402956
417,1,Aug_18,Albuquerque,0.04754823,0.047549341,-1.11E-06,-1.89E-06,8.134194724,2.825402956,2.825402956
435,1,Aug_18,Albuquerque,-0.018827593,-0.018836351,8.76E-06,1.49E-05,8.134194724,2.825402956,2.825402956
453,1,Aug_18,Albuquerque,-0.031904337,-0.031903689,-6.48E-07,-1.10E-06,8.134194724,2.825402956,2.825402956
471,1,Aug_18,Albuquerque,0.012413532,0.012416262,-2.73E-06,-4.64E-06,8.134194724,2.825402956,2.825402956
489,1,Aug_18,Albuquerque,0.034030493,0.03403108,-5.87E-07,-9.98E-07,8.134194724,2.825402956,2.825402956
507,1,Aug_18,Albuquerque,0.067334584,0.067335601,-1.02E-06,-1.73E-06,8.134194724,2.825402956,2.825402956
525,1,Aug_18,Albuquerque,0.030106775,0.030108728,-1.95E-06,-3.32E-06,8.134194724,2.825402956,2.825402956
543,1,Aug_18,Albuquerque,0.002775701,0.002776087,-3.86E-07,-6.56E-07,8.134194724,2.825402956,2.825402956
561,1,Aug_18,Albuquerque,0.017693202,0.017689885,3.32E-06,5.64E-06,8.134194724,2.825402956,2.825402956
579,1,Aug_18,Albuquerque,-0.00152822,-0.001527672,-5.48E-07,-9.31E-07,8.134194724,2.825402956,2.825402956
597,1,Aug_18,Albuquerque,-0.027077613,-0.027025849,-5.18E-05,-8.79E-05,8.134194724,2.825402956,2.825402956
615,1,Aug_18,Albuquerque,0.012763376,0.012756791,6.58E-06,1.12E-05,8.134194724,2.825402956,2.825402956
633,1,Aug_18,Albuquerque,0.024994021,0.024993712,3.10E-07,5.26E-07,8.134194724,2.825402956,2.825402956
651,1,Aug_18,Albuquerque,0.03673981,0.036735681,4.13E-06,7.01E-06,8.134194724,2.825402956,2.825402956
669,1,Aug_18,Albuquerque,0.051699888,0.051700498,-6.10E-07,-1.04E-06,8.134194724,2.825402956,2.825402956
687,1,Aug_18,Albuquerque,0.072657911,0.072663876,-5.97E-06,-1.01E-05,8.134194724,2.825402956,2.825402956
705,1,Aug_18,Albuquerque,0.068210155,0.068215333,-5.18E-06,-8.80E-06,8.134194724,2.825402956,2.825402956
723,1,Aug_18,Albuquerque,0.02072536,0.020726038,-6.78E-07,-1.15E-06,8.134194724,2.825402956,2.825402956
741,1,Aug_18,Albuquerque,0.027185696,0.027185634,6.16E-08,1.05E-07,8.134194724,2.825402956,2.825402956
759,1,Aug_18,Albuquerque,0.027787144,0.027795654,-8.51E-06,-1.45E-05,8.134194724,2.825402956,2.825402956
777,1,Aug_18,Albuquerque,0.029904821,0.02990738,-2.56E-06,-4.35E-06,8.134194724,2.825402956,2.825402956
795,1,Aug_18,Albuquerque,-0.012923833,-0.012955282,3.14E-05,5.34E-05,8.134194724,2.825402956,2.825402956
813,1,Aug_18,Albuquerque,0.024522413,0.024523972,-1.56E-06,-2.65E-06,8.134194724,2.825402956,2.825402956
831,1,Aug_18,Albuquerque,-0.003509734,-0.003509368,-3.66E-07,-6.22E-07,8.134194724,2.825402956,2.825402956
849,1,Aug_18,Albuquerque,0.003551212,0.00354936,1.85E-06,3.15E-06,8.134194724,2.825402956,2.825402956
867,1,Aug_18,Albuquerque,-0.020440538,-0.019309603,-0.001130935,-0.00192131,8.134194724,2.825402956,2.825402956
885,1,Aug_18,Albuquerque,0.019395798,0.019397222,-1.42E-06,-2.42E-06,8.134194724,2.825402956,2.825402956
5,1,Aug_19,Albuquerque,-0.016463981,-0.016453116,-1.09E-05,-1.85E-05,8.232481502,3.067733391,3.067733391
23,1,Aug_19,Albuquerque,-0.016463981,-0.016453116,-1.09E-05,-1.85E-05,8.232481502,3.067733391,3.067733391
41,1,Aug_19,Albuquerque,-0.022752637,-0.022748118,-4.52E-06,-7.68E-06,8.232481502,3.067733391,3.067733391
59,1,Aug_19,Albuquerque,-0.022752637,-0.022748118,-4.52E-06,-7.68E-06,8.232481502,3.067733391,3.067733391
77,1,Aug_19,Albuquerque,-0.008099003,-0.008097459,-1.54E-06,-2.62E-06,8.232481502,3.067733391,3.067733391
95,1,Aug_19,Albuquerque,-0.001508586,-0.001507281,-1.31E-06,-2.22E-06,8.232481502,3.067733391,3.067733391
113,1,Aug_19,Albuquerque,-0.015759812,-0.015758094,-1.72E-06,-2.92E-06,8.232481502,3.067733391,3.067733391
131,1,Aug_19,Albuquerque,-0.004088277,-0.004089993,1.72E-06,2.92E-06,8.232481502,3.067733391,3.067733391
149,1,Aug_19,Albuquerque,-0.040620455,-0.040460862,-0.000159593,-0.000271128,8.232481502,3.067733391,3.067733391
167,1,Aug_19,Albuquerque,0.004315921,0.004308497,7.42E-06,1.26E-05,8.232481502,3.067733391,3.067733391
185,1,Aug_19,Albuquerque,-0.027133449,-0.027131857,-1.59E-06,-2.71E-06,8.232481502,3.067733391,3.067733391
203,1,Aug_19,Albuquerque,-0.002718542,-0.002719805,1.26E-06,2.14E-06,8.232481502,3.067733391,3.067733391
221,1,Aug_19,Albuquerque,-0.008093495,-0.008097371,3.88E-06,6.58E-06,8.232481502,3.067733391,3.067733391
239,1,Aug_19,Albuquerque,-0.027113953,-0.027111295,-2.66E-06,-4.52E-06,8.232481502,3.067733391,3.067733391
257,1,Aug_19,Albuquerque,-0.039690709,-0.039695131,4.42E-06,7.51E-06,8.232481502,3.067733391,3.067733391
275,1,Aug_19,Albuquerque,0.001788134,0.001788545,-4.11E-07,-6.99E-07,8.232481502,3.067733391,3.067733391
293,1,Aug_19,Albuquerque,0.00027018,0.000270602,-4.22E-07,-7.16E-07,8.232481502,3.067733391,3.067733391
311,1,Aug_19,Albuquerque,-0.03482774,-0.034828864,1.12E-06,1.91E-06,8.232481502,3.067733391,3.067733391
329,1,Aug_19,Albuquerque,0.002647409,0.002644989,2.42E-06,4.11E-06,8.232481502,3.067733391,3.067733391
347,1,Aug_19,Albuquerque,-0.001455362,-0.001456463,1.10E-06,1.87E-06,8.232481502,3.067733391,3.067733391
365,1,Aug_19,Albuquerque,-0.00038249,-0.000383864,1.37E-06,2.33E-06,8.232481502,3.067733391,3.067733391
383,1,Aug_19,Albuquerque,-0.008548051,-0.008548156,1.05E-07,1.78E-07,8.232481502,3.067733391,3.067733391
401,1,Aug_19,Albuquerque,-0.011432017,-0.011420842,-1.12E-05,-1.90E-05,8.232481502,3.067733391,3.067733391
419,1,Aug_19,Albuquerque,0.008741301,0.00873891,2.39E-06,4.06E-06,8.232481502,3.067733391,3.067733391
437,1,Aug_19,Albuquerque,-0.043627687,-0.075082048,0.031454362,0.05343683,8.232481502,3.067733391,3.067733391
455,1,Aug_19,Albuquerque,-0.038222102,-0.038221171,-9.32E-07,-1.58E-06,8.232481502,3.067733391,3.067733391
473,1,Aug_19,Albuquerque,-0.013480286,-0.013480184,-1.01E-07,-1.72E-07,8.232481502,3.067733391,3.067733391
491,1,Aug_19,Albuquerque,0.003647316,0.003639036,8.28E-06,1.41E-05,8.232481502,3.067733391,3.067733391
509,1,Aug_19,Albuquerque,0.014781446,0.014781832,-3.86E-07,-6.56E-07,8.232481502,3.067733391,3.067733391
527,1,Aug_19,Albuquerque,-0.003325162,-0.003326645,1.48E-06,2.52E-06,8.232481502,3.067733391,3.067733391
545,1,Aug_19,Albuquerque,-0.144993284,-0.146781893,0.001788609,0.003038611,8.232481502,3.067733391,3.067733391
563,1,Aug_19,Albuquerque,-0.012960833,-0.01295871,-2.12E-06,-3.61E-06,8.232481502,3.067733391,3.067733391
581,1,Aug_19,Albuquerque,-0.064028523,-0.064090177,6.17E-05,0.000104743,8.232481502,3.067733391,3.067733391
599,1,Aug_19,Albuquerque,-0.033988121,-0.033961184,-2.69E-05,-4.58E-05,8.232481502,3.067733391,3.067733391
617,1,Aug_19,Albuquerque,-0.006872708,-0.0068844,1.17E-05,1.99E-05,8.232481502,3.067733391,3.067733391
635,1,Aug_19,Albuquerque,-0.004374205,-0.004374469,2.64E-07,4.48E-07,8.232481502,3.067733391,3.067733391
653,1,Aug_19,Albuquerque,-0.006676594,-0.006675947,-6.47E-07,-1.10E-06,8.232481502,3.067733391,3.067733391
671,1,Aug_19,Albuquerque,0.001490041,0.001492686,-2.64E-06,-4.49E-06,8.232481502,3.067733391,3.067733391
689,1,Aug_19,Albuquerque,0.018607145,0.018607654,-5.09E-07,-8.65E-07,8.232481502,3.067733391,3.067733391
707,1,Aug_19,Albuquerque,0.019632805,0.019633153,-3.48E-07,-5.92E-07,8.232481502,3.067733391,3.067733391
725,1,Aug_19,Albuquerque,-0.005704507,-0.005703815,-6.93E-07,-1.18E-06,8.232481502,3.067733391,3.067733391
743,1,Aug_19,Albuquerque,-0.002145742,-0.002145101,-6.41E-07,-1.09E-06,8.232481502,3.067733391,3.067733391
761,1,Aug_19,Albuquerque,-0.002994,-0.002977323,-1.67E-05,-2.83E-05,8.232481502,3.067733391,3.067733391
779,1,Aug_19,Albuquerque,0.002285048,0.00228591,-8.62E-07,-1.46E-06,8.232481502,3.067733391,3.067733391
797,1,Aug_19,Albuquerque,-0.028379981,-0.028393135,1.32E-05,2.23E-05,8.232481502,3.067733391,3.067733391
815,1,Aug_19,Albuquerque,-0.006034073,-0.006035016,9.43E-07,1.60E-06,8.232481502,3.067733391,3.067733391
833,1,Aug_19,Albuquerque,-1.305736434,-1.326554456,0.020818021,0.035367084,8.232481502,3.067733391,3.067733391
851,1,Aug_19,Albuquerque,-1.423449852,-1.491993405,0.068543553,0.116446496,8.232481502,3.067733391,3.067733391
869,1,Aug_19,Albuquerque,-0.037895085,-0.035839219,-0.002055866,-0.003492647,8.232481502,3.067733391,3.067733391
887,1,Aug_19,Albuquerque,-0.007655628,-0.007656607,9.80E-07,1.66E-06,8.232481502,3.067733391,3.067733391
7,1,May_17,Albuquerque,0.039720655,0.039743954,-2.33E-05,-3.96E-05,5.428498766,0.931162366,0.931162366
25,1,May_17,Albuquerque,0.015542567,0.015531154,1.14E-05,1.94E-05,5.428498766,0.931162366,0.931162366
43,1,May_17,Albuquerque,-0.001301993,-0.001312753,1.08E-05,1.83E-05,5.428498766,0.931162366,0.931162366
61,1,May_17,Albuquerque,-0.001301993,-0.001312753,1.08E-05,1.83E-05,5.428498766,0.931162366,0.931162366
79,1,May_17,Albuquerque,0.115479038,0.115499578,-2.05E-05,-3.49E-05,5.428498766,0.931162366,0.931162366
97,1,May_17,Albuquerque,0.125525652,0.125550059,-2.44E-05,-4.15E-05,5.428498766,0.931162366,0.931162366
115,1,May_17,Albuquerque,0.097932434,0.097931177,1.26E-06,2.14E-06,5.428498766,0.931162366,0.931162366
133,1,May_17,Albuquerque,0.036958773,0.036982219,-2.34E-05,-3.98E-05,5.428498766,0.931162366,0.931162366
151,1,May_17,Albuquerque,0.058415866,0.05738548,0.001030385,0.001750489,5.428498766,0.931162366,0.931162366
169,1,May_17,Albuquerque,0.103834562,0.103853228,-1.87E-05,-3.17E-05,5.428498766,0.931162366,0.931162366
187,1,May_17,Albuquerque,0.134479649,0.134467909,1.17E-05,1.99E-05,5.428498766,0.931162366,0.931162366
205,1,May_17,Albuquerque,0.079528801,0.079522584,6.22E-06,1.06E-05,5.428498766,0.931162366,0.931162366
223,1,May_17,Albuquerque,0.034424486,0.03443502,-1.05E-05,-1.79E-05,5.428498766,0.931162366,0.931162366
241,1,May_17,Albuquerque,0.066824367,0.066834901,-1.05E-05,-1.79E-05,5.428498766,0.931162366,0.931162366
259,1,May_17,Albuquerque,0.055892735,0.055892262,4.73E-07,8.04E-07,5.428498766,0.931162366,0.931162366
277,1,May_17,Albuquerque,0.133706579,0.133735785,-2.92E-05,-4.96E-05,5.428498766,0.931162366,0.931162366
295,1,May_17,Albuquerque,0.101155521,0.101185344,-2.98E-05,-5.07E-05,5.428498766,0.931162366,0.931162366
313,1,May_17,Albuquerque,0.027510324,0.027509554,7.70E-07,1.31E-06,5.428498766,0.931162366,0.931162366
331,1,May_17,Albuquerque,0.108500891,0.108527102,-2.62E-05,-4.45E-05,5.428498766,0.931162366,0.931162366
349,1,May_17,Albuquerque,0.103820539,0.103851348,-3.08E-05,-5.23E-05,5.428498766,0.931162366,0.931162366
367,1,May_17,Albuquerque,0.119597319,0.119604217,-6.90E-06,-1.17E-05,5.428498766,0.931162366,0.931162366
385,1,May_17,Albuquerque,0.096193594,0.096208741,-1.51E-05,-2.57E-05,5.428498766,0.931162366,0.931162366
403,1,May_17,Albuquerque,0.09746624,0.097480159,-1.39E-05,-2.36E-05,5.428498766,0.931162366,0.931162366
421,1,May_17,Albuquerque,0.110521325,0.110547272,-2.59E-05,-4.41E-05,5.428498766,0.931162366,0.931162366
439,1,May_17,Albuquerque,0.018355751,0.018365913,-1.02E-05,-1.73E-05,5.428498766,0.931162366,0.931162366
457,1,May_17,Albuquerque,0.022945565,0.022954343,-8.78E-06,-1.49E-05,5.428498766,0.931162366,0.931162366
475,1,May_17,Albuquerque,0.072987215,0.07298209,5.12E-06,8.71E-06,5.428498766,0.931162366,0.931162366
493,1,May_17,Albuquerque,0.102016927,0.101998103,1.88E-05,3.20E-05,5.428498766,0.931162366,0.931162366
511,1,May_17,Albuquerque,0.096963866,0.096975914,-1.20E-05,-2.05E-05,5.428498766,0.931162366,0.931162366
529,1,May_17,Albuquerque,0.092790151,0.092801717,-1.16E-05,-1.96E-05,5.428498766,0.931162366,0.931162366
547,1,May_17,Albuquerque,0.078386249,0.078398802,-1.26E-05,-2.13E-05,5.428498766,0.931162366,0.931162366
565,1,May_17,Albuquerque,0.059009534,0.059015427,-5.89E-06,-1.00E-05,5.428498766,0.931162366,0.931162366
583,1,May_17,Albuquerque,0.057320119,0.057321449,-1.33E-06,-2.26E-06,5.428498766,0.931162366,0.931162366
601,1,May_17,Albuquerque,0.091608766,0.091623518,-1.48E-05,-2.51E-05,5.428498766,0.931162366,0.931162366
619,1,May_17,Albuquerque,0.060775818,0.060793896,-1.81E-05,-3.07E-05,5.428498766,0.931162366,0.931162366
637,1,May_17,Albuquerque,0.142858104,0.142876281,-1.82E-05,-3.09E-05,5.428498766,0.931162366,0.931162366
655,1,May_17,Albuquerque,0.112754564,0.112798938,-4.44E-05,-7.54E-05,5.428498766,0.931162366,0.931162366
673,1,May_17,Albuquerque,0.058290801,0.058278288,1.25E-05,2.13E-05,5.428498766,0.931162366,0.931162366
691,1,May_17,Albuquerque,0.149699237,0.14971841,-1.92E-05,-3.26E-05,5.428498766,0.931162366,0.931162366
709,1,May_17,Albuquerque,0.143416148,0.143442923,-2.68E-05,-4.55E-05,5.428498766,0.931162366,0.931162366
727,1,May_17,Albuquerque,0.041508178,0.041533685,-2.55E-05,-4.33E-05,5.428498766,0.931162366,0.931162366
745,1,May_17,Albuquerque,0.051052333,0.051077041,-2.47E-05,-4.20E-05,5.428498766,0.931162366,0.931162366
763,1,May_17,Albuquerque,0.0121729,0.012198122,-2.52E-05,-4.28E-05,5.428498766,0.931162366,0.931162366
781,1,May_17,Albuquerque,0.052262976,0.052269477,-6.50E-06,-1.10E-05,5.428498766,0.931162366,0.931162366
799,1,May_17,Albuquerque,0.028528227,0.028552687,-2.45E-05,-4.16E-05,5.428498766,0.931162366,0.931162366
817,1,May_17,Albuquerque,0.077929081,0.077942945,-1.39E-05,-2.36E-05,5.428498766,0.931162366,0.931162366
835,1,May_17,Albuquerque,0.038733061,0.038754661,-2.16E-05,-3.67E-05,5.428498766,0.931162366,0.931162366
853,1,May_17,Albuquerque,0.063675993,0.063694814,-1.88E-05,-3.20E-05,5.428498766,0.931162366,0.931162366
871,1,May_17,Albuquerque,0.14115351,0.138835726,0.002317784,0.00393761,5.428498766,0.931162366,0.931162366
889,1,May_17,Albuquerque,0.084987922,0.08500293,-1.50E-05,-2.55E-05,5.428498766,0.931162366,0.931162366
9,1,May_18,Albuquerque,0.045080183,0.0451206,-4.04E-05,-6.87E-05,4.808927388,0.746772252,0.746772252
27,1,May_18,Albuquerque,0.024871011,0.024870256,7.55E-07,1.28E-06,4.808927388,0.746772252,0.746772252
45,1,May_18,Albuquerque,-6.62E-05,-7.84E-05,1.22E-05,2.07E-05,4.808927388,0.746772252,0.746772252
63,1,May_18,Albuquerque,-6.62E-05,-7.84E-05,1.22E-05,2.07E-05,4.808927388,0.746772252,0.746772252
81,1,May_18,Albuquerque,0.165430556,0.16545535,-2.48E-05,-4.21E-05,4.808927388,0.746772252,0.746772252
99,1,May_18,Albuquerque,0.152831906,0.152827024,4.88E-06,8.29E-06,4.808927388,0.746772252,0.746772252
117,1,May_18,Albuquerque,0.123223797,0.123212216,1.16E-05,1.97E-05,4.808927388,0.746772252,0.746772252
135,1,May_18,Albuquerque,0.04381979,0.043837181,-1.74E-05,-2.95E-05,4.808927388,0.746772252,0.746772252
153,1,May_18,Albuquerque,0.070106669,0.069882918,0.000223751,0.000380124,4.808927388,0.746772252,0.746772252
171,1,May_18,Albuquerque,0.133382188,0.133382757,-5.69E-07,-9.66E-07,4.808927388,0.746772252,0.746772252
189,1,May_18,Albuquerque,0.159576,0.159577866,-1.87E-06,-3.17E-06,4.808927388,0.746772252,0.746772252
207,1,May_18,Albuquerque,0.103830571,0.103828754,1.82E-06,3.09E-06,4.808927388,0.746772252,0.746772252
225,1,May_18,Albuquerque,0.037721423,0.037739105,-1.77E-05,-3.00E-05,4.808927388,0.746772252,0.746772252
243,1,May_18,Albuquerque,0.089474012,0.089496979,-2.30E-05,-3.90E-05,4.808927388,0.746772252,0.746772252
261,1,May_18,Albuquerque,0.067436983,0.067437408,-4.25E-07,-7.22E-07,4.808927388,0.746772252,0.746772252
279,1,May_18,Albuquerque,0.153298677,0.153295611,3.07E-06,5.21E-06,4.808927388,0.746772252,0.746772252
297,1,May_18,Albuquerque,0.125281389,0.125284467,-3.08E-06,-5.23E-06,4.808927388,0.746772252,0.746772252
315,1,May_18,Albuquerque,0.027120096,0.027122924,-2.83E-06,-4.80E-06,4.808927388,0.746772252,0.746772252
333,1,May_18,Albuquerque,0.126775654,0.126773404,2.25E-06,3.82E-06,4.808927388,0.746772252,0.746772252
351,1,May_18,Albuquerque,0.125652139,0.125656341,-4.20E-06,-7.14E-06,4.808927388,0.746772252,0.746772252
369,1,May_18,Albuquerque,0.14045648,0.140442565,1.39E-05,2.36E-05,4.808927388,0.746772252,0.746772252
387,1,May_18,Albuquerque,0.114984264,0.114977333,6.93E-06,1.18E-05,4.808927388,0.746772252,0.746772252
405,1,May_18,Albuquerque,0.132421467,0.132444167,-2.27E-05,-3.86E-05,4.808927388,0.746772252,0.746772252
423,1,May_18,Albuquerque,0.136816846,0.136858753,-4.19E-05,-7.12E-05,4.808927388,0.746772252,0.746772252
441,1,May_18,Albuquerque,0.01650809,0.016514349,-6.26E-06,-1.06E-05,4.808927388,0.746772252,0.746772252
459,1,May_18,Albuquerque,0.023532926,0.023538668,-5.74E-06,-9.76E-06,4.808927388,0.746772252,0.746772252
477,1,May_18,Albuquerque,0.094013298,0.094012776,5.22E-07,8.87E-07,4.808927388,0.746772252,0.746772252
495,1,May_18,Albuquerque,0.121096474,0.121064547,3.19E-05,5.42E-05,4.808927388,0.746772252,0.746772252
513,1,May_18,Albuquerque,0.130681328,0.130703271,-2.19E-05,-3.73E-05,4.808927388,0.746772252,0.746772252
531,1,May_18,Albuquerque,0.116684905,0.116678861,6.04E-06,1.03E-05,4.808927388,0.746772252,0.746772252
549,1,May_18,Albuquerque,0.101334468,0.101333036,1.43E-06,2.43E-06,4.808927388,0.746772252,0.746772252
567,1,May_18,Albuquerque,0.075577757,0.075588455,-1.07E-05,-1.82E-05,4.808927388,0.746772252,0.746772252
585,1,May_18,Albuquerque,0.070954592,0.070961972,-7.38E-06,-1.25E-05,4.808927388,0.746772252,0.746772252
603,1,May_18,Albuquerque,0.120824489,0.120823695,7.94E-07,1.35E-06,4.808927388,0.746772252,0.746772252
621,1,May_18,Albuquerque,0.076020734,0.076053651,-3.29E-05,-5.59E-05,4.808927388,0.746772252,0.746772252
639,1,May_18,Albuquerque,0.168698087,0.168710201,-1.21E-05,-2.06E-05,4.808927388,0.746772252,0.746772252
657,1,May_18,Albuquerque,0.143869388,0.14388795,-1.86E-05,-3.15E-05,4.808927388,0.746772252,0.746772252
675,1,May_18,Albuquerque,0.075138387,0.075125845,1.25E-05,2.13E-05,4.808927388,0.746772252,0.746772252
693,1,May_18,Albuquerque,0.172818624,0.172809443,9.18E-06,1.56E-05,4.808927388,0.746772252,0.746772252
711,1,May_18,Albuquerque,0.166034974,0.166029009,5.96E-06,1.01E-05,4.808927388,0.746772252,0.746772252
729,1,May_18,Albuquerque,0.062241222,0.062263139,-2.19E-05,-3.72E-05,4.808927388,0.746772252,0.746772252
747,1,May_18,Albuquerque,0.074467908,0.074483571,-1.57E-05,-2.66E-05,4.808927388,0.746772252,0.746772252
765,1,May_18,Albuquerque,0.026001872,0.026037488,-3.56E-05,-6.05E-05,4.808927388,0.746772252,0.746772252
783,1,May_18,Albuquerque,0.064517595,0.064529336,-1.17E-05,-1.99E-05,4.808927388,0.746772252,0.746772252
801,1,May_18,Albuquerque,0.0395096,0.039529631,-2.00E-05,-3.40E-05,4.808927388,0.746772252,0.746772252
819,1,May_18,Albuquerque,0.100830163,0.100847182,-1.70E-05,-2.89E-05,4.808927388,0.746772252,0.746772252
837,1,May_18,Albuquerque,0.050736461,0.050748415,-1.20E-05,-2.03E-05,4.808927388,0.746772252,0.746772252
855,1,May_18,Albuquerque,0.079069237,0.079094911,-2.57E-05,-4.36E-05,4.808927388,0.746772252,0.746772252
873,1,May_18,Albuquerque,0.148646269,0.148142782,0.000503487,0.000855358,4.808927388,0.746772252,0.746772252
891,1,May_18,Albuquerque,0.106108416,0.106104658,3.76E-06,6.38E-06,4.808927388,0.746772252,0.746772252
11,1,May_19,Albuquerque,0.039470269,0.039525861,-5.56E-05,-9.44E-05,4.851295595,0.705304716,0.705304716
29,1,May_19,Albuquerque,0.005083589,0.00505476,2.88E-05,4.90E-05,4.851295595,0.705304716,0.705304716
47,1,May_19,Albuquerque,-0.009434573,-0.009450364,1.58E-05,2.68E-05,4.851295595,0.705304716,0.705304716
65,1,May_19,Albuquerque,-0.009434573,-0.009450364,1.58E-05,2.68E-05,4.851295595,0.705304716,0.705304716
83,1,May_19,Albuquerque,0.067679751,0.06773414,-5.44E-05,-9.24E-05,4.851295595,0.705304716,0.705304716
101,1,May_19,Albuquerque,0.106315904,0.106348973,-3.31E-05,-5.62E-05,4.851295595,0.705304716,0.705304716
119,1,May_19,Albuquerque,0.086512935,0.086516254,-3.32E-06,-5.64E-06,4.851295595,0.705304716,0.705304716
137,1,May_19,Albuquerque,0.025289433,0.025318379,-2.89E-05,-4.92E-05,4.851295595,0.705304716,0.705304716
155,1,May_19,Albuquerque,0.064112715,0.062893817,0.001218898,0.002070748,4.851295595,0.705304716,0.705304716
173,1,May_19,Albuquerque,0.088471411,0.088494368,-2.30E-05,-3.90E-05,4.851295595,0.705304716,0.705304716
191,1,May_19,Albuquerque,0.114717964,0.114700035,1.79E-05,3.05E-05,4.851295595,0.705304716,0.705304716
209,1,May_19,Albuquerque,0.070630463,0.07063758,-7.12E-06,-1.21E-05,4.851295595,0.705304716,0.705304716
227,1,May_19,Albuquerque,0.02664255,0.026674473,-3.19E-05,-5.42E-05,4.851295595,0.705304716,0.705304716
245,1,May_19,Albuquerque,0.044266592,0.044290321,-2.37E-05,-4.03E-05,4.851295595,0.705304716,0.705304716
263,1,May_19,Albuquerque,0.062188527,0.062186991,1.54E-06,2.61E-06,4.851295595,0.705304716,0.705304716
281,1,May_19,Albuquerque,0.116840778,0.116878323,-3.75E-05,-6.38E-05,4.851295595,0.705304716,0.705304716
299,1,May_19,Albuquerque,0.089541114,0.089577128,-3.60E-05,-6.12E-05,4.851295595,0.705304716,0.705304716
317,1,May_19,Albuquerque,0.025073428,0.025085621,-1.22E-05,-2.07E-05,4.851295595,0.705304716,0.705304716
335,1,May_19,Albuquerque,0.09839101,0.098424547,-3.35E-05,-5.70E-05,4.851295595,0.705304716,0.705304716
353,1,May_19,Albuquerque,0.092865544,0.092901973,-3.64E-05,-6.19E-05,4.851295595,0.705304716,0.705304716
371,1,May_19,Albuquerque,0.105410993,0.105425607,-1.46E-05,-2.48E-05,4.851295595,0.705304716,0.705304716
389,1,May_19,Albuquerque,0.088774611,0.088796528,-2.19E-05,-3.72E-05,4.851295595,0.705304716,0.705304716
407,1,May_19,Albuquerque,0.0715557,0.071591926,-3.62E-05,-6.15E-05,4.851295595,0.705304716,0.705304716
425,1,May_19,Albuquerque,0.097119784,0.09718883,-6.90E-05,-0.000117299,4.851295595,0.705304716,0.705304716
443,1,May_19,Albuquerque,0.014741543,0.014755222,-1.37E-05,-2.32E-05,4.851295595,0.705304716,0.705304716
461,1,May_19,Albuquerque,0.017086356,0.017097864,-1.15E-05,-1.96E-05,4.851295595,0.705304716,0.705304716
479,1,May_19,Albuquerque,0.065445509,0.065456694,-1.12E-05,-1.90E-05,4.851295595,0.705304716,0.705304716
497,1,May_19,Albuquerque,0.093013601,0.093004594,9.01E-06,1.53E-05,4.851295595,0.705304716,0.705304716
515,1,May_19,Albuquerque,0.078811155,0.078852995,-4.18E-05,-7.11E-05,4.851295595,0.705304716,0.705304716
533,1,May_19,Albuquerque,0.083311323,0.08332845,-1.71E-05,-2.91E-05,4.851295595,0.705304716,0.705304716
551,1,May_19,Albuquerque,0.072513066,0.072543764,-3.07E-05,-5.22E-05,4.851295595,0.705304716,0.705304716
569,1,May_19,Albuquerque,0.039617018,0.039634856,-1.78E-05,-3.03E-05,4.851295595,0.705304716,0.705304716
587,1,May_19,Albuquerque,0.051161298,0.051178449,-1.72E-05,-2.91E-05,4.851295595,0.705304716,0.705304716
605,1,May_19,Albuquerque,0.079186948,0.079220963,-3.40E-05,-5.78E-05,4.851295595,0.705304716,0.705304716
623,1,May_19,Albuquerque,0.057048847,0.057095798,-4.70E-05,-7.98E-05,4.851295595,0.705304716,0.705304716
641,1,May_19,Albuquerque,0.120430389,0.120439448,-9.06E-06,-1.54E-05,4.851295595,0.705304716,0.705304716
659,1,May_19,Albuquerque,0.09443034,0.094477355,-4.70E-05,-7.99E-05,4.851295595,0.705304716,0.705304716
677,1,May_19,Albuquerque,0.044518552,0.044511677,6.88E-06,1.17E-05,4.851295595,0.705304716,0.705304716
695,1,May_19,Albuquerque,0.12523162,0.125260756,-2.91E-05,-4.95E-05,4.851295595,0.705304716,0.705304716
713,1,May_19,Albuquerque,0.121914335,0.121950928,-3.66E-05,-6.22E-05,4.851295595,0.705304716,0.705304716
731,1,May_19,Albuquerque,0.018583658,0.018607571,-2.39E-05,-4.06E-05,4.851295595,0.705304716,0.705304716
749,1,May_19,Albuquerque,0.023780422,0.023805617,-2.52E-05,-4.28E-05,4.851295595,0.705304716,0.705304716
767,1,May_19,Albuquerque,-0.006928327,-0.006902834,-2.55E-05,-4.33E-05,4.851295595,0.705304716,0.705304716
785,1,May_19,Albuquerque,0.040053001,0.040083849,-3.08E-05,-5.24E-05,4.851295595,0.705304716,0.705304716
803,1,May_19,Albuquerque,0.01453702,0.01455999,-2.30E-05,-3.90E-05,4.851295595,0.705304716,0.705304716
821,1,May_19,Albuquerque,0.05509268,0.055135128,-4.24E-05,-7.21E-05,4.851295595,0.705304716,0.705304716
839,1,May_19,Albuquerque,0.023914964,0.023937879,-2.29E-05,-3.89E-05,4.851295595,0.705304716,0.705304716
857,1,May_19,Albuquerque,0.045431488,0.045470484,-3.90E-05,-6.62E-05,4.851295595,0.705304716,0.705304716
875,1,May_19,Albuquerque,0.129467632,0.12672585,0.002741782,0.004657928,4.851295595,0.705304716,0.705304716
893,1,May_19,Albuquerque,0.078947448,0.07896782,-2.04E-05,-3.46E-05,4.851295595,0.705304716,0.705304716
13,1,Oct_17,Albuquerque,0.023374262,0.023375095,-8.33E-07,-1.42E-06,7.41652269,1.149846613,1.149846613
31,1,Oct_17,Albuquerque,0.014702239,0.01469976,2.48E-06,4.21E-06,7.41652269,1.149846613,1.149846613
49,1,Oct_17,Albuquerque,0.0049264,0.004923171,3.23E-06,5.49E-06,7.41652269,1.149846613,1.149846613
67,1,Oct_17,Albuquerque,0.0049264,0.004923171,3.23E-06,5.49E-06,7.41652269,1.149846613,1.149846613
85,1,Oct_17,Albuquerque,0.132448902,0.132446387,2.51E-06,4.27E-06,7.41652269,1.149846613,1.149846613
103,1,Oct_17,Albuquerque,0.109348593,0.109338602,9.99E-06,1.70E-05,7.41652269,1.149846613,1.149846613
121,1,Oct_17,Albuquerque,0.082108177,0.082101014,7.16E-06,1.22E-05,7.41652269,1.149846613,1.149846613
139,1,Oct_17,Albuquerque,0.036665501,0.036665543,-4.18E-08,-7.09E-08,7.41652269,1.149846613,1.149846613
157,1,Oct_17,Albuquerque,0.028209594,0.028448972,-0.000239378,-0.000406671,7.41652269,1.149846613,1.149846613
175,1,Oct_17,Albuquerque,0.096251765,0.096250632,1.13E-06,1.92E-06,7.41652269,1.149846613,1.149846613
193,1,Oct_17,Albuquerque,0.106148603,0.106155499,-6.90E-06,-1.17E-05,7.41652269,1.149846613,1.149846613
211,1,Oct_17,Albuquerque,0.070533147,0.070524019,9.13E-06,1.55E-05,7.41652269,1.149846613,1.149846613
229,1,Oct_17,Albuquerque,0.026452322,0.026451393,9.29E-07,1.58E-06,7.41652269,1.149846613,1.149846613
247,1,Oct_17,Albuquerque,0.067231856,0.067232168,-3.12E-07,-5.30E-07,7.41652269,1.149846613,1.149846613
265,1,Oct_17,Albuquerque,0.027093377,0.027092974,4.02E-07,6.84E-07,7.41652269,1.149846613,1.149846613
283,1,Oct_17,Albuquerque,0.105067281,0.105060694,6.59E-06,1.12E-05,7.41652269,1.149846613,1.149846613
301,1,Oct_17,Albuquerque,0.085295692,0.085292267,3.43E-06,5.82E-06,7.41652269,1.149846613,1.149846613
319,1,Oct_17,Albuquerque,0.013052583,0.013050443,2.14E-06,3.64E-06,7.41652269,1.149846613,1.149846613
337,1,Oct_17,Albuquerque,0.08268204,0.082676133,5.91E-06,1.00E-05,7.41652269,1.149846613,1.149846613
355,1,Oct_17,Albuquerque,0.083854953,0.083853552,1.40E-06,2.38E-06,7.41652269,1.149846613,1.149846613
373,1,Oct_17,Albuquerque,0.095283629,0.0952734,1.02E-05,1.74E-05,7.41652269,1.149846613,1.149846613
391,1,Oct_17,Albuquerque,0.072656095,0.072648337,7.76E-06,1.32E-05,7.41652269,1.149846613,1.149846613
409,1,Oct_17,Albuquerque,0.104674392,0.10467448,-8.79E-08,-1.49E-07,7.41652269,1.149846613,1.149846613
427,1,Oct_17,Albuquerque,0.094416334,0.094418954,-2.62E-06,-4.45E-06,7.41652269,1.149846613,1.149846613
445,1,Oct_17,Albuquerque,0.008995747,0.009008118,-1.24E-05,-2.10E-05,7.41652269,1.149846613,1.149846613
463,1,Oct_17,Albuquerque,0.014491295,0.014501706,-1.04E-05,-1.77E-05,7.41652269,1.149846613,1.149846613
481,1,Oct_17,Albuquerque,0.061824608,0.061818131,6.48E-06,1.10E-05,7.41652269,1.149846613,1.149846613
499,1,Oct_17,Albuquerque,0.078601154,0.078579844,2.13E-05,3.62E-05,7.41652269,1.149846613,1.149846613
517,1,Oct_17,Albuquerque,0.100081561,0.100074283,7.28E-06,1.24E-05,7.41652269,1.149846613,1.149846613
535,1,Oct_17,Albuquerque,0.077912459,0.077906869,5.59E-06,9.50E-06,7.41652269,1.149846613,1.149846613
553,1,Oct_17,Albuquerque,0.062782129,0.06277949,2.64E-06,4.48E-06,7.41652269,1.149846613,1.149846613
571,1,Oct_17,Albuquerque,0.063524512,0.063524843,-3.31E-07,-5.62E-07,7.41652269,1.149846613,1.149846613
589,1,Oct_17,Albuquerque,0.04547875,0.045475081,3.67E-06,6.23E-06,7.41652269,1.149846613,1.149846613
607,1,Oct_17,Albuquerque,0.073423011,0.073424014,-1.00E-06,-1.70E-06,7.41652269,1.149846613,1.149846613
625,1,Oct_17,Albuquerque,0.047052058,0.047052431,-3.72E-07,-6.33E-07,7.41652269,1.149846613,1.149846613
643,1,Oct_17,Albuquerque,0.107556112,0.107557714,-1.60E-06,-2.72E-06,7.41652269,1.149846613,1.149846613
661,1,Oct_17,Albuquerque,0.104045431,0.104051976,-6.54E-06,-1.11E-05,7.41652269,1.149846613,1.149846613
679,1,Oct_17,Albuquerque,0.06540262,0.065407734,-5.11E-06,-8.69E-06,7.41652269,1.149846613,1.149846613
697,1,Oct_17,Albuquerque,0.129165014,0.129153701,1.13E-05,1.92E-05,7.41652269,1.149846613,1.149846613
715,1,Oct_17,Albuquerque,0.120161121,0.120151352,9.77E-06,1.66E-05,7.41652269,1.149846613,1.149846613
733,1,Oct_17,Albuquerque,0.056293271,0.056302223,-8.95E-06,-1.52E-05,7.41652269,1.149846613,1.149846613
751,1,Oct_17,Albuquerque,0.062354959,0.062364228,-9.27E-06,-1.57E-05,7.41652269,1.149846613,1.149846613
769,1,Oct_17,Albuquerque,0.037448077,0.037457292,-9.21E-06,-1.57E-05,7.41652269,1.149846613,1.149846613
787,1,Oct_17,Albuquerque,0.050033146,0.05002685,6.30E-06,1.07E-05,7.41652269,1.149846613,1.149846613
805,1,Oct_17,Albuquerque,0.037586334,0.037599732,-1.34E-05,-2.28E-05,7.41652269,1.149846613,1.149846613
823,1,Oct_17,Albuquerque,0.074217477,0.074212507,4.97E-06,8.44E-06,7.41652269,1.149846613,1.149846613
841,1,Oct_17,Albuquerque,0.037875323,0.037887172,-1.18E-05,-2.01E-05,7.41652269,1.149846613,1.149846613
859,1,Oct_17,Albuquerque,0.06109263,0.061093778,-1.15E-06,-1.95E-06,7.41652269,1.149846613,1.149846613
877,1,Oct_17,Albuquerque,0.087650797,0.088192216,-0.000541419,-0.000919799,7.41652269,1.149846613,1.149846613
895,1,Oct_17,Albuquerque,0.067070285,0.06706537,4.92E-06,8.35E-06,7.41652269,1.149846613,1.149846613
15,1,Oct_18,Albuquerque,0.032671595,0.032686128,-1.45E-05,-2.47E-05,4.09205883,0.589157558,0.589157558
33,1,Oct_18,Albuquerque,0.025097504,0.025101689,-4.19E-06,-7.11E-06,4.09205883,0.589157558,0.589157558
51,1,Oct_18,Albuquerque,-0.003165887,-0.003178879,1.30E-05,2.21E-05,4.09205883,0.589157558,0.589157558
69,1,Oct_18,Albuquerque,-0.003165887,-0.003178879,1.30E-05,2.21E-05,4.09205883,0.589157558,0.589157558
87,1,Oct_18,Albuquerque,0.121737369,0.121749666,-1.23E-05,-2.09E-05,4.09205883,0.589157558,0.589157558
105,1,Oct_18,Albuquerque,0.11710854,0.117113992,-5.45E-06,-9.26E-06,4.09205883,0.589157558,0.589157558
123,1,Oct_18,Albuquerque,0.09528674,0.095279675,7.07E-06,1.20E-05,4.09205883,0.589157558,0.589157558
141,1,Oct_18,Albuquerque,0.033944499,0.03395178,-7.28E-06,-1.24E-05,4.09205883,0.589157558,0.589157558
159,1,Oct_18,Albuquerque,0.050026746,0.049349639,0.000677107,0.001150316,4.09205883,0.589157558,0.589157558
177,1,Oct_18,Albuquerque,0.100977046,0.10098275,-5.70E-06,-9.69E-06,4.09205883,0.589157558,0.589157558
195,1,Oct_18,Albuquerque,0.124080753,0.124074806,5.95E-06,1.01E-05,4.09205883,0.589157558,0.589157558
213,1,Oct_18,Albuquerque,0.077186602,0.077172882,1.37E-05,2.33E-05,4.09205883,0.589157558,0.589157558
231,1,Oct_18,Albuquerque,0.028913355,0.028919056,-5.70E-06,-9.69E-06,4.09205883,0.589157558,0.589157558
249,1,Oct_18,Albuquerque,0.068678777,0.068683299,-4.52E-06,-7.68E-06,4.09205883,0.589157558,0.589157558
267,1,Oct_18,Albuquerque,0.047107732,0.047106525,1.21E-06,2.05E-06,4.09205883,0.589157558,0.589157558
285,1,Oct_18,Albuquerque,0.120711922,0.120718827,-6.90E-06,-1.17E-05,4.09205883,0.589157558,0.589157558
303,1,Oct_18,Albuquerque,0.097171155,0.097182102,-1.09E-05,-1.86E-05,4.09205883,0.589157558,0.589157558
321,1,Oct_18,Albuquerque,0.020271611,0.020267809,3.80E-06,6.46E-06,4.09205883,0.589157558,0.589157558
339,1,Oct_18,Albuquerque,0.10079479,0.100801369,-6.58E-06,-1.12E-05,4.09205883,0.589157558,0.589157558
357,1,Oct_18,Albuquerque,0.098460581,0.098471969,-1.14E-05,-1.93E-05,4.09205883,0.589157558,0.589157558
375,1,Oct_18,Albuquerque,0.11029153,0.110285884,5.65E-06,9.59E-06,4.09205883,0.589157558,0.589157558
393,1,Oct_18,Albuquerque,0.091467329,0.091468774,-1.45E-06,-2.46E-06,4.09205883,0.589157558,0.589157558
411,1,Oct_18,Albuquerque,0.099747588,0.099753814,-6.23E-06,-1.06E-05,4.09205883,0.589157558,0.589157558
429,1,Oct_18,Albuquerque,0.107791437,0.107811714,-2.03E-05,-3.44E-05,4.09205883,0.589157558,0.589157558
447,1,Oct_18,Albuquerque,0.012641514,0.012645606,-4.09E-06,-6.95E-06,4.09205883,0.589157558,0.589157558
465,1,Oct_18,Albuquerque,0.018530633,0.018534383,-3.75E-06,-6.37E-06,4.09205883,0.589157558,0.589157558
483,1,Oct_18,Albuquerque,0.069991174,0.069979867,1.13E-05,1.92E-05,4.09205883,0.589157558,0.589157558
501,1,Oct_18,Albuquerque,0.096079356,0.096056982,2.24E-05,3.80E-05,4.09205883,0.589157558,0.589157558
519,1,Oct_18,Albuquerque,0.09706488,0.097066183,-1.30E-06,-2.21E-06,4.09205883,0.589157558,0.589157558
537,1,Oct_18,Albuquerque,0.090073445,0.090073983,-5.38E-07,-9.14E-07,4.09205883,0.589157558,0.589157558
555,1,Oct_18,Albuquerque,0.075121434,0.07512538,-3.95E-06,-6.70E-06,4.09205883,0.589157558,0.589157558
573,1,Oct_18,Albuquerque,0.058221726,0.058224365,-2.64E-06,-4.48E-06,4.09205883,0.589157558,0.589157558
591,1,Oct_18,Albuquerque,0.053077747,0.053073644,4.10E-06,6.97E-06,4.09205883,0.589157558,0.589157558
609,1,Oct_18,Albuquerque,0.090776287,0.090781702,-5.42E-06,-9.20E-06,4.09205883,0.589157558,0.589157558
627,1,Oct_18,Albuquerque,0.055886669,0.055896373,-9.70E-06,-1.65E-05,4.09205883,0.589157558,0.589157558
645,1,Oct_18,Albuquerque,0.139979542,0.140002065,-2.25E-05,-3.83E-05,4.09205883,0.589157558,0.589157558
663,1,Oct_18,Albuquerque,0.108540099,0.108563292,-2.32E-05,-3.94E-05,4.09205883,0.589157558,0.589157558
681,1,Oct_18,Albuquerque,0.054467654,0.054452026,1.56E-05,2.65E-05,4.09205883,0.589157558,0.589157558
699,1,Oct_18,Albuquerque,0.135278356,0.135278176,1.80E-07,3.05E-07,4.09205883,0.589157558,0.589157558
717,1,Oct_18,Albuquerque,0.129528834,0.129533377,-4.54E-06,-7.72E-06,4.09205883,0.589157558,0.589157558
735,1,Oct_18,Albuquerque,0.042838418,0.042857393,-1.90E-05,-3.22E-05,4.09205883,0.589157558,0.589157558
753,1,Oct_18,Albuquerque,0.053082117,0.053096008,-1.39E-05,-2.36E-05,4.09205883,0.589157558,0.589157558
771,1,Oct_18,Albuquerque,0.011348904,0.011376981,-2.81E-05,-4.77E-05,4.09205883,0.589157558,0.589157558
789,1,Oct_18,Albuquerque,0.049075412,0.049075676,-2.64E-07,-4.49E-07,4.09205883,0.589157558,0.589157558
807,1,Oct_18,Albuquerque,0.027477446,0.027493922,-1.65E-05,-2.80E-05,4.09205883,0.589157558,0.589157558
825,1,Oct_18,Albuquerque,0.086326535,0.08633045,-3.92E-06,-6.65E-06,4.09205883,0.589157558,0.589157558
843,1,Oct_18,Albuquerque,0.043853163,0.043860731,-7.57E-06,-1.29E-05,4.09205883,0.589157558,0.589157558
861,1,Oct_18,Albuquerque,0.062565817,0.062579432,-1.36E-05,-2.31E-05,4.09205883,0.589157558,0.589157558
879,1,Oct_18,Albuquerque,0.122804291,0.121703932,0.001100359,0.001869366,4.09205883,0.589157558,0.589157558
897,1,Oct_18,Albuquerque,0.080932426,0.080936045,-3.62E-06,-6.15E-06,4.09205883,0.589157558,0.589157558
17,1,Oct_19,Albuquerque,0.037252198,0.037288708,-3.65E-05,-6.20E-05,3.125480842,0.374987887,0.374987887
35,1,Oct_19,Albuquerque,0.013664825,0.013637675,2.71E-05,4.61E-05,3.125480842,0.374987887,0.374987887
53,1,Oct_19,Albuquerque,-0.007590708,-0.007604876,1.42E-05,2.41E-05,3.125480842,0.374987887,0.374987887
71,1,Oct_19,Albuquerque,-0.007590708,-0.007604876,1.42E-05,2.41E-05,3.125480842,0.374987887,0.374987887
89,1,Oct_19,Albuquerque,0.096235627,0.096275462,-3.98E-05,-6.77E-05,3.125480842,0.374987887,0.374987887
107,1,Oct_19,Albuquerque,0.122279889,0.122302202,-2.23E-05,-3.79E-05,3.125480842,0.374987887,0.374987887
125,1,Oct_19,Albuquerque,0.097822788,0.09782747,-4.68E-06,-7.96E-06,3.125480842,0.374987887,0.374987887
143,1,Oct_19,Albuquerque,0.030169592,0.030187298,-1.77E-05,-3.01E-05,3.125480842,0.374987887,0.374987887
161,1,Oct_19,Albuquerque,0.061739279,0.060081121,0.001658158,0.002816992,3.125480842,0.374987887,0.374987887
179,1,Oct_19,Albuquerque,0.101717992,0.101749627,-3.16E-05,-5.37E-05,3.125480842,0.374987887,0.374987887
197,1,Oct_19,Albuquerque,0.13166873,0.131653127,1.56E-05,2.65E-05,3.125480842,0.374987887,0.374987887
215,1,Oct_19,Albuquerque,0.076558315,0.076556707,1.61E-06,2.73E-06,3.125480842,0.374987887,0.374987887
233,1,Oct_19,Albuquerque,0.028564954,0.02858225,-1.73E-05,-2.94E-05,3.125480842,0.374987887,0.374987887
251,1,Oct_19,Albuquerque,0.056547129,0.056557939,-1.08E-05,-1.84E-05,3.125480842,0.374987887,0.374987887
269,1,Oct_19,Albuquerque,0.058917634,0.05891746,1.74E-07,2.96E-07,3.125480842,0.374987887,0.374987887
287,1,Oct_19,Albuquerque,0.130875494,0.130900765,-2.53E-05,-4.29E-05,3.125480842,0.374987887,0.374987887
305,1,Oct_19,Albuquerque,0.101080227,0.101107531,-2.73E-05,-4.64E-05,3.125480842,0.374987887,0.374987887
323,1,Oct_19,Albuquerque,0.023414258,0.023415606,-1.35E-06,-2.29E-06,3.125480842,0.374987887,0.374987887
341,1,Oct_19,Albuquerque,0.108623346,0.108646232,-2.29E-05,-3.89E-05,3.125480842,0.374987887,0.374987887
359,1,Oct_19,Albuquerque,0.10389242,0.103920018,-2.76E-05,-4.69E-05,3.125480842,0.374987887,0.374987887
377,1,Oct_19,Albuquerque,0.118116048,0.118120454,-4.41E-06,-7.49E-06,3.125480842,0.374987887,0.374987887
395,1,Oct_19,Albuquerque,0.097666658,0.097679415,-1.28E-05,-2.17E-05,3.125480842,0.374987887,0.374987887
413,1,Oct_19,Albuquerque,0.087853787,0.087875034,-2.12E-05,-3.61E-05,3.125480842,0.374987887,0.374987887
431,1,Oct_19,Albuquerque,0.110293545,0.110340017,-4.65E-05,-7.89E-05,3.125480842,0.374987887,0.374987887
449,1,Oct_19,Albuquerque,0.014475424,0.014480675,-5.25E-06,-8.92E-06,3.125480842,0.374987887,0.374987887
467,1,Oct_19,Albuquerque,0.018665795,0.01867047,-4.67E-06,-7.94E-06,3.125480842,0.374987887,0.374987887
485,1,Oct_19,Albuquerque,0.070156984,0.070155279,1.71E-06,2.90E-06,3.125480842,0.374987887,0.374987887
503,1,Oct_19,Albuquerque,0.102717558,0.102698328,1.92E-05,3.27E-05,3.125480842,0.374987887,0.374987887
521,1,Oct_19,Albuquerque,0.090833897,0.090857712,-2.38E-05,-4.05E-05,3.125480842,0.374987887,0.374987887
539,1,Oct_19,Albuquerque,0.092768773,0.092792341,-2.36E-05,-4.00E-05,3.125480842,0.374987887,0.374987887
557,1,Oct_19,Albuquerque,0.077216655,0.077239184,-2.25E-05,-3.83E-05,3.125480842,0.374987887,0.374987887
575,1,Oct_19,Albuquerque,0.049522348,0.049531554,-9.21E-06,-1.56E-05,3.125480842,0.374987887,0.374987887
593,1,Oct_19,Albuquerque,0.05379005,0.053795875,-5.83E-06,-9.90E-06,3.125480842,0.374987887,0.374987887
611,1,Oct_19,Albuquerque,0.088102555,0.088128202,-2.56E-05,-4.36E-05,3.125480842,0.374987887,0.374987887
629,1,Oct_19,Albuquerque,0.058563389,0.058592638,-2.93E-05,-4.97E-05,3.125480842,0.374987887,0.374987887
647,1,Oct_19,Albuquerque,0.149340706,0.149350399,-9.69E-06,-1.65E-05,3.125480842,0.374987887,0.374987887
665,1,Oct_19,Albuquerque,0.110163565,0.110204691,-4.11E-05,-6.99E-05,3.125480842,0.374987887,0.374987887
683,1,Oct_19,Albuquerque,0.050046431,0.050031366,1.51E-05,2.56E-05,3.125480842,0.374987887,0.374987887
701,1,Oct_19,Albuquerque,0.143852233,0.143868488,-1.63E-05,-2.76E-05,3.125480842,0.374987887,0.374987887
719,1,Oct_19,Albuquerque,0.138713877,0.138737331,-2.35E-05,-3.98E-05,3.125480842,0.374987887,0.374987887
737,1,Oct_19,Albuquerque,0.029472618,0.029496797,-2.42E-05,-4.11E-05,3.125480842,0.374987887,0.374987887
755,1,Oct_19,Albuquerque,0.03711389,0.037132162,-1.83E-05,-3.10E-05,3.125480842,0.374987887,0.374987887
773,1,Oct_19,Albuquerque,-0.001853128,-0.001827419,-2.57E-05,-4.37E-05,3.125480842,0.374987887,0.374987887
791,1,Oct_19,Albuquerque,0.045512372,0.045526409,-1.40E-05,-2.38E-05,3.125480842,0.374987887,0.374987887
809,1,Oct_19,Albuquerque,0.020835024,0.020856889,-2.19E-05,-3.71E-05,3.125480842,0.374987887,0.374987887
827,1,Oct_19,Albuquerque,0.075289618,0.075315687,-2.61E-05,-4.43E-05,3.125480842,0.374987887,0.374987887
845,1,Oct_19,Albuquerque,0.036103153,0.036118779,-1.56E-05,-2.65E-05,3.125480842,0.374987887,0.374987887
863,1,Oct_19,Albuquerque,0.055534717,0.055561138,-2.64E-05,-4.49E-05,3.125480842,0.374987887,0.374987887
881,1,Oct_19,Albuquerque,0.140252392,0.137955075,0.002297317,0.003902841,3.125480842,0.374987887,0.374987887
899,1,Oct_19,Albuquerque,0.085690258,0.08571857,-2.83E-05,-4.81E-05,3.125480842,0.374987887,0.374987887
2,1,Aug_17,London,0.041016646,0.041021828,-5.18E-06,-8.80E-06,3.52443849,0.516993189,0.516993189
20,1,Aug_17,London,0.040867766,0.040867044,7.21E-07,1.23E-06,3.52443849,0.516993189,0.516993189
38,1,Aug_17,London,0.016058669,0.016051858,6.81E-06,1.16E-05,3.52443849,0.516993189,0.516993189
56,1,Aug_17,London,0.016058669,0.016051858,6.81E-06,1.16E-05,3.52443849,0.516993189,0.516993189
74,1,Aug_17,London,0.157627182,0.157622758,4.42E-06,7.52E-06,3.52443849,0.516993189,0.516993189
92,1,Aug_17,London,0.135201882,0.135192926,8.96E-06,1.52E-05,3.52443849,0.516993189,0.516993189
110,1,Aug_17,London,0.110935125,0.11092659,8.54E-06,1.45E-05,3.52443849,0.516993189,0.516993189
128,1,Aug_17,London,0.052448397,0.052450281,-1.88E-06,-3.20E-06,3.52443849,0.516993189,0.516993189
146,1,Aug_17,London,0.053635205,0.053696361,-6.12E-05,-0.000103896,3.52443849,0.516993189,0.516993189
164,1,Aug_17,London,0.121304017,0.121302186,1.83E-06,3.11E-06,3.52443849,0.516993189,0.516993189
182,1,Aug_17,London,0.137446986,0.137454289,-7.30E-06,-1.24E-05,3.52443849,0.516993189,0.516993189
200,1,Aug_17,London,0.097478329,0.097464944,1.34E-05,2.27E-05,3.52443849,0.516993189,0.516993189
218,1,Aug_17,London,0.041684628,0.041684841,-2.13E-07,-3.63E-07,3.52443849,0.516993189,0.516993189
236,1,Aug_17,London,0.095887061,0.095890051,-2.99E-06,-5.08E-06,3.52443849,0.516993189,0.516993189
254,1,Aug_17,London,0.05128374,0.051284983,-1.24E-06,-2.11E-06,3.52443849,0.516993189,0.516993189
272,1,Aug_17,London,0.132771199,0.132764369,6.83E-06,1.16E-05,3.52443849,0.516993189,0.516993189
290,1,Aug_17,London,0.112679798,0.112677206,2.59E-06,4.40E-06,3.52443849,0.516993189,0.516993189
308,1,Aug_17,London,0.025916735,0.02591117,5.56E-06,9.45E-06,3.52443849,0.516993189,0.516993189
326,1,Aug_17,London,0.111665197,0.111659281,5.92E-06,1.00E-05,3.52443849,0.516993189,0.516993189
344,1,Aug_17,London,0.112038612,0.112037484,1.13E-06,1.92E-06,3.52443849,0.516993189,0.516993189
362,1,Aug_17,London,0.123200101,0.123188022,1.21E-05,2.05E-05,3.52443849,0.516993189,0.516993189
380,1,Aug_17,London,0.10234467,0.102335025,9.65E-06,1.64E-05,3.52443849,0.516993189,0.516993189
398,1,Aug_17,London,0.129123797,0.129125032,-1.23E-06,-2.10E-06,3.52443849,0.516993189,0.516993189
416,1,Aug_17,London,0.121676635,0.12168014,-3.51E-06,-5.96E-06,3.52443849,0.516993189,0.516993189
434,1,Aug_17,London,0.01755846,0.017556695,1.77E-06,3.00E-06,3.52443849,0.516993189,0.516993189
452,1,Aug_17,London,0.027691013,0.027690306,7.07E-07,1.20E-06,3.52443849,0.516993189,0.516993189
470,1,Aug_17,London,0.088632213,0.088620712,1.15E-05,1.95E-05,3.52443849,0.516993189,0.516993189
488,1,Aug_17,London,0.107540475,0.107516511,2.40E-05,4.07E-05,3.52443849,0.516993189,0.516993189
506,1,Aug_17,London,0.122421204,0.122413667,7.54E-06,1.28E-05,3.52443849,0.516993189,0.516993189
524,1,Aug_17,London,0.105849362,0.105842785,6.58E-06,1.12E-05,3.52443849,0.516993189,0.516993189
542,1,Aug_17,London,0.091473118,0.091469767,3.35E-06,5.69E-06,3.52443849,0.516993189,0.516993189
560,1,Aug_17,London,0.086671796,0.086672676,-8.80E-07,-1.49E-06,3.52443849,0.516993189,0.516993189
578,1,Aug_17,London,0.069088714,0.0690825,6.21E-06,1.06E-05,3.52443849,0.516993189,0.516993189
596,1,Aug_17,London,0.111619869,0.111617453,2.42E-06,4.10E-06,3.52443849,0.516993189,0.516993189
614,1,Aug_17,London,0.070721681,0.070722618,-9.37E-07,-1.59E-06,3.52443849,0.516993189,0.516993189
632,1,Aug_17,London,0.139957913,0.139961475,-3.56E-06,-6.05E-06,3.52443849,0.516993189,0.516993189
650,1,Aug_17,London,0.129620342,0.12962894,-8.60E-06,-1.46E-05,3.52443849,0.516993189,0.516993189
668,1,Aug_17,London,0.078395623,0.078389498,6.12E-06,1.04E-05,3.52443849,0.516993189,0.516993189
686,1,Aug_17,London,0.15322989,0.153217328,1.26E-05,2.13E-05,3.52443849,0.516993189,0.516993189
704,1,Aug_17,London,0.145313794,0.145303568,1.02E-05,1.74E-05,3.52443849,0.516993189,0.516993189
722,1,Aug_17,London,0.082497804,0.082497863,-5.88E-08,-9.99E-08,3.52443849,0.516993189,0.516993189
740,1,Aug_17,London,0.089657893,0.089655108,2.78E-06,4.73E-06,3.52443849,0.516993189,0.516993189
758,1,Aug_17,London,0.056054073,0.056072376,-1.83E-05,-3.11E-05,3.52443849,0.516993189,0.516993189
776,1,Aug_17,London,0.070725936,0.070718086,7.85E-06,1.33E-05,3.52443849,0.516993189,0.516993189
794,1,Aug_17,London,0.054558544,0.054560363,-1.82E-06,-3.09E-06,3.52443849,0.516993189,0.516993189
812,1,Aug_17,London,0.102915014,0.102909447,5.57E-06,9.46E-06,3.52443849,0.516993189,0.516993189
830,1,Aug_17,London,0.062127507,0.062126475,1.03E-06,1.75E-06,3.52443849,0.516993189,0.516993189
848,1,Aug_17,London,0.086832707,0.086837193,-4.49E-06,-7.62E-06,3.52443849,0.516993189,0.516993189
866,1,Aug_17,London,0.12303493,0.123220456,-0.000185526,-0.000315185,3.52443849,0.516993189,0.516993189
884,1,Aug_17,London,0.095446825,0.09544042,6.41E-06,1.09E-05,3.52443849,0.516993189,0.516993189
4,1,Aug_18,London,0.046840925,0.046848584,-7.66E-06,-1.30E-05,2.627102333,0.309707674,0.309707674
22,1,Aug_18,London,0.044956028,0.044953639,2.39E-06,4.06E-06,2.627102333,0.309707674,0.309707674
40,1,Aug_18,London,0.013757201,0.013744742,1.25E-05,2.12E-05,2.627102333,0.309707674,0.309707674
58,1,Aug_18,London,0.013757201,0.013744742,1.25E-05,2.12E-05,2.627102333,0.309707674,0.309707674
76,1,Aug_18,London,0.153005879,0.153003665,2.21E-06,3.76E-06,2.627102333,0.309707674,0.309707674
94,1,Aug_18,London,0.133939737,0.133930201,9.54E-06,1.62E-05,2.627102333,0.309707674,0.309707674
112,1,Aug_18,London,0.113001806,0.112995487,6.32E-06,1.07E-05,2.627102333,0.309707674,0.309707674
130,1,Aug_18,London,0.05728282,0.057286138,-3.32E-06,-5.64E-06,2.627102333,0.309707674,0.309707674
148,1,Aug_18,London,0.060437592,0.060349573,8.80E-05,0.000149532,2.627102333,0.309707674,0.309707674
166,1,Aug_18,London,0.123235308,0.123233153,2.16E-06,3.66E-06,2.627102333,0.309707674,0.309707674
184,1,Aug_18,London,0.133472923,0.13348144,-8.52E-06,-1.45E-05,2.627102333,0.309707674,0.309707674
202,1,Aug_18,London,0.10018497,0.100172717,1.23E-05,2.08E-05,2.627102333,0.309707674,0.309707674
220,1,Aug_18,London,0.046907623,0.046909278,-1.66E-06,-2.81E-06,2.627102333,0.309707674,0.309707674
238,1,Aug_18,London,0.09536483,0.095364351,4.79E-07,8.14E-07,2.627102333,0.309707674,0.309707674
256,1,Aug_18,London,0.058110025,0.05811042,-3.95E-07,-6.71E-07,2.627102333,0.309707674,0.309707674
274,1,Aug_18,London,0.13038498,0.130377769,7.21E-06,1.23E-05,2.627102333,0.309707674,0.309707674
292,1,Aug_18,London,0.114728514,0.114724254,4.26E-06,7.24E-06,2.627102333,0.309707674,0.309707674
310,1,Aug_18,London,0.030563525,0.030558391,5.13E-06,8.72E-06,2.627102333,0.309707674,0.309707674
328,1,Aug_18,London,0.112656515,0.11265008,6.43E-06,1.09E-05,2.627102333,0.309707674,0.309707674
346,1,Aug_18,London,0.113653378,0.113650695,2.68E-06,4.56E-06,2.627102333,0.309707674,0.309707674
364,1,Aug_18,London,0.122689813,0.122679951,9.86E-06,1.68E-05,2.627102333,0.309707674,0.309707674
382,1,Aug_18,London,0.104928183,0.104920108,8.07E-06,1.37E-05,2.627102333,0.309707674,0.309707674
400,1,Aug_18,London,0.131593918,0.131594005,-8.72E-08,-1.48E-07,2.627102333,0.309707674,0.309707674
418,1,Aug_18,London,0.121779348,0.121779582,-2.34E-07,-3.98E-07,2.627102333,0.309707674,0.309707674
436,1,Aug_18,London,0.020831308,0.020830647,6.61E-07,1.12E-06,2.627102333,0.309707674,0.309707674
454,1,Aug_18,London,0.031003809,0.031003763,4.63E-08,7.86E-08,2.627102333,0.309707674,0.309707674
472,1,Aug_18,London,0.09178439,0.091775354,9.04E-06,1.54E-05,2.627102333,0.309707674,0.309707674
490,1,Aug_18,London,0.109411739,0.109393168,1.86E-05,3.15E-05,2.627102333,0.309707674,0.309707674
508,1,Aug_18,London,0.125777647,0.125770363,7.28E-06,1.24E-05,2.627102333,0.309707674,0.309707674
526,1,Aug_18,London,0.108923498,0.108917185,6.31E-06,1.07E-05,2.627102333,0.309707674,0.309707674
544,1,Aug_18,London,0.094327275,0.094325669,1.61E-06,2.73E-06,2.627102333,0.309707674,0.309707674
562,1,Aug_18,London,0.089874943,0.089876194,-1.25E-06,-2.12E-06,2.627102333,0.309707674,0.309707674
580,1,Aug_18,London,0.074279835,0.07427472,5.12E-06,8.69E-06,2.627102333,0.309707674,0.309707674
598,1,Aug_18,London,0.11107232,0.111064061,8.26E-06,1.40E-05,2.627102333,0.309707674,0.309707674
616,1,Aug_18,London,0.076144342,0.076146489,-2.15E-06,-3.65E-06,2.627102333,0.309707674,0.309707674
634,1,Aug_18,London,0.132204162,0.132202609,1.55E-06,2.64E-06,2.627102333,0.309707674,0.309707674
652,1,Aug_18,London,0.130046456,0.130050769,-4.31E-06,-7.33E-06,2.627102333,0.309707674,0.309707674
670,1,Aug_18,London,0.081483184,0.0814774,5.78E-06,9.83E-06,2.627102333,0.309707674,0.309707674
688,1,Aug_18,London,0.149010837,0.148999462,1.14E-05,1.93E-05,2.627102333,0.309707674,0.309707674
706,1,Aug_18,London,0.141893899,0.14188378,1.01E-05,1.72E-05,2.627102333,0.309707674,0.309707674
724,1,Aug_18,London,0.082337593,0.082339993,-2.40E-06,-4.08E-06,2.627102333,0.309707674,0.309707674
742,1,Aug_18,London,0.088585932,0.088584157,1.77E-06,3.01E-06,2.627102333,0.309707674,0.309707674
760,1,Aug_18,London,0.052932188,0.05296247,-3.03E-05,-5.14E-05,2.627102333,0.309707674,0.309707674
778,1,Aug_18,London,0.075300209,0.075294519,5.69E-06,9.67E-06,2.627102333,0.309707674,0.309707674
796,1,Aug_18,London,0.057365914,0.057371601,-5.69E-06,-9.66E-06,2.627102333,0.309707674,0.309707674
814,1,Aug_18,London,0.105111039,0.105107506,3.53E-06,6.00E-06,2.627102333,0.309707674,0.309707674
832,1,Aug_18,London,0.066652725,0.066653645,-9.20E-07,-1.56E-06,2.627102333,0.309707674,0.309707674
850,1,Aug_18,London,0.089787815,0.089792463,-4.65E-06,-7.90E-06,2.627102333,0.309707674,0.309707674
868,1,Aug_18,London,0.118361526,0.118826955,-0.000465429,-0.000790702,2.627102333,0.309707674,0.309707674
886,1,Aug_18,London,0.098742282,0.098738262,4.02E-06,6.83E-06,2.627102333,0.309707674,0.309707674
6,1,Aug_19,London,0.046938085,0.046943754,-5.67E-06,-9.63E-06,2.599466919,0.495978216,0.495978216
24,1,Aug_19,London,0.045680319,0.045676464,3.86E-06,6.55E-06,2.599466919,0.495978216,0.495978216
42,1,Aug_19,London,0.014204474,0.01419231,1.22E-05,2.07E-05,2.599466919,0.495978216,0.495978216
60,1,Aug_19,London,0.014204474,0.01419231,1.22E-05,2.07E-05,2.599466919,0.495978216,0.495978216
78,1,Aug_19,London,0.153029995,0.153027591,2.40E-06,4.08E-06,2.599466919,0.495978216,0.495978216
96,1,Aug_19,London,0.135880649,0.135875636,5.01E-06,8.52E-06,2.599466919,0.495978216,0.495978216
114,1,Aug_19,London,0.114808549,0.114799551,9.00E-06,1.53E-05,2.599466919,0.495978216,0.495978216
132,1,Aug_19,London,0.055394732,0.05539843,-3.70E-06,-6.28E-06,2.599466919,0.495978216,0.495978216
150,1,Aug_19,London,0.059870374,0.059741711,0.000128663,0.000218581,2.599466919,0.495978216,0.495978216
168,1,Aug_19,London,0.123430606,0.123430105,5.01E-07,8.51E-07,2.599466919,0.495978216,0.495978216
186,1,Aug_19,London,0.139550609,0.139553807,-3.20E-06,-5.43E-06,2.599466919,0.495978216,0.495978216
204,1,Aug_19,London,0.099376389,0.09936235,1.40E-05,2.39E-05,2.599466919,0.495978216,0.495978216
222,1,Aug_19,London,0.046130186,0.046132133,-1.95E-06,-3.31E-06,2.599466919,0.495978216,0.495978216
240,1,Aug_19,London,0.095797521,0.095801423,-3.90E-06,-6.63E-06,2.599466919,0.495978216,0.495978216
258,1,Aug_19,London,0.057240114,0.057240889,-7.75E-07,-1.32E-06,2.599466919,0.495978216,0.495978216
276,1,Aug_19,London,0.135324159,0.135320515,3.64E-06,6.19E-06,2.599466919,0.495978216,0.495978216
294,1,Aug_19,London,0.116449995,0.116449634,3.61E-07,6.14E-07,2.599466919,0.495978216,0.495978216
312,1,Aug_19,London,0.030406048,0.030400181,5.87E-06,9.97E-06,2.599466919,0.495978216,0.495978216
330,1,Aug_19,London,0.116498068,0.116493912,4.16E-06,7.06E-06,2.599466919,0.495978216,0.495978216
348,1,Aug_19,London,0.116265168,0.116265985,-8.17E-07,-1.39E-06,2.599466919,0.495978216,0.495978216
366,1,Aug_19,London,0.127001269,0.126991491,9.78E-06,1.66E-05,2.599466919,0.495978216,0.495978216
384,1,Aug_19,London,0.107240943,0.107233877,7.07E-06,1.20E-05,2.599466919,0.495978216,0.495978216
402,1,Aug_19,London,0.127963588,0.127965597,-2.01E-06,-3.41E-06,2.599466919,0.495978216,0.495978216
420,1,Aug_19,London,0.125417432,0.125423517,-6.09E-06,-1.03E-05,2.599466919,0.495978216,0.495978216
438,1,Aug_19,London,0.021290682,0.02128951,1.17E-06,1.99E-06,2.599466919,0.495978216,0.495978216
456,1,Aug_19,London,0.031315763,0.031315127,6.37E-07,1.08E-06,2.599466919,0.495978216,0.495978216
474,1,Aug_19,London,0.091079264,0.091067016,1.22E-05,2.08E-05,2.599466919,0.495978216,0.495978216
492,1,Aug_19,London,0.112186932,0.11216208,2.49E-05,4.22E-05,2.599466919,0.495978216,0.495978216
510,1,Aug_19,London,0.122941266,0.122936339,4.93E-06,8.37E-06,2.599466919,0.495978216,0.495978216
528,1,Aug_19,London,0.109496716,0.109491025,5.69E-06,9.67E-06,2.599466919,0.495978216,0.495978216
546,1,Aug_19,London,0.094777127,0.094775152,1.98E-06,3.36E-06,2.599466919,0.495978216,0.495978216
564,1,Aug_19,London,0.086334032,0.086335148,-1.12E-06,-1.90E-06,2.599466919,0.495978216,0.495978216
582,1,Aug_19,London,0.072009984,0.072003772,6.21E-06,1.06E-05,2.599466919,0.495978216,0.495978216
600,1,Aug_19,London,0.114021964,0.114021101,8.63E-07,1.47E-06,2.599466919,0.495978216,0.495978216
618,1,Aug_19,London,0.073911048,0.073913803,-2.76E-06,-4.68E-06,2.599466919,0.495978216,0.495978216
636,1,Aug_19,London,0.145436178,0.145444505,-8.33E-06,-1.41E-05,2.599466919,0.495978216,0.495978216
654,1,Aug_19,London,0.130418621,0.130428908,-1.03E-05,-1.75E-05,2.599466919,0.495978216,0.495978216
672,1,Aug_19,London,0.078129144,0.078119509,9.63E-06,1.64E-05,2.599466919,0.495978216,0.495978216
690,1,Aug_19,London,0.151096772,0.151087819,8.95E-06,1.52E-05,2.599466919,0.495978216,0.495978216
708,1,Aug_19,London,0.144935908,0.144929561,6.35E-06,1.08E-05,2.599466919,0.495978216,0.495978216
726,1,Aug_19,London,0.080869913,0.080875319,-5.41E-06,-9.18E-06,2.599466919,0.495978216,0.495978216
744,1,Aug_19,London,0.089200977,0.089200514,4.63E-07,7.87E-07,2.599466919,0.495978216,0.495978216
762,1,Aug_19,London,0.050964511,0.050999475,-3.50E-05,-5.94E-05,2.599466919,0.495978216,0.495978216
780,1,Aug_19,London,0.071950921,0.071944702,6.22E-06,1.06E-05,2.599466919,0.495978216,0.495978216
798,1,Aug_19,London,0.054256179,0.054260189,-4.01E-06,-6.81E-06,2.599466919,0.495978216,0.495978216
816,1,Aug_19,London,0.106640725,0.106636711,4.01E-06,6.82E-06,2.599466919,0.495978216,0.495978216
834,1,Aug_19,London,0.064992091,0.064991305,7.86E-07,1.33E-06,2.599466919,0.495978216,0.495978216
852,1,Aug_19,London,0.087827928,0.087834737,-6.81E-06,-1.16E-05,2.599466919,0.495978216,0.495978216
870,1,Aug_19,London,0.130506688,0.130355899,0.000150789,0.00025617,2.599466919,0.495978216,0.495978216
888,1,Aug_19,London,0.099420094,0.099416352,3.74E-06,6.36E-06,2.599466919,0.495978216,0.495978216
8,1,May_17,London,0.053197089,0.053291151,-9.41E-05,-0.000159799,2.345482089,0.177605507,0.177605507
26,1,May_17,London,-0.005644459,-0.005666894,2.24E-05,3.81E-05,2.345482089,0.177605507,0.177605507
44,1,May_17,London,-0.011540317,-0.011552476,1.22E-05,2.07E-05,2.345482089,0.177605507,0.177605507
62,1,May_17,London,-0.011540317,-0.011552476,1.22E-05,2.07E-05,2.345482089,0.177605507,0.177605507
80,1,May_17,London,0.063820019,0.063888144,-6.81E-05,-0.000115735,2.345482089,0.177605507,0.177605507
98,1,May_17,London,0.122671077,0.122748164,-7.71E-05,-0.000130961,2.345482089,0.177605507,0.177605507
116,1,May_17,London,0.101172766,0.101202217,-2.95E-05,-5.00E-05,2.345482089,0.177605507,0.177605507
134,1,May_17,London,0.029670455,0.029719954,-4.95E-05,-8.41E-05,2.345482089,0.177605507,0.177605507
152,1,May_17,London,0.086156053,0.083614267,0.002541786,0.004318161,2.345482089,0.177605507,0.177605507
170,1,May_17,London,0.100586929,0.100647156,-6.02E-05,-0.000102317,2.345482089,0.177605507,0.177605507
188,1,May_17,London,0.131740678,0.131722815,1.79E-05,3.03E-05,2.345482089,0.177605507,0.177605507
206,1,May_17,London,0.083014681,0.083035169,-2.05E-05,-3.48E-05,2.345482089,0.177605507,0.177605507
224,1,May_17,London,0.033769575,0.033819881,-5.03E-05,-8.55E-05,2.345482089,0.177605507,0.177605507
242,1,May_17,London,0.047553021,0.047589255,-3.62E-05,-6.16E-05,2.345482089,0.177605507,0.177605507
260,1,May_17,London,0.084594848,0.084601453,-6.60E-06,-1.12E-05,2.345482089,0.177605507,0.177605507
278,1,May_17,London,0.135945935,0.13601429,-6.84E-05,-0.000116127,2.345482089,0.177605507,0.177605507
296,1,May_17,London,0.106691215,0.106767601,-7.64E-05,-0.000129771,2.345482089,0.177605507,0.177605507
314,1,May_17,London,0.034405954,0.03442622,-2.03E-05,-3.44E-05,2.345482089,0.177605507,0.177605507
332,1,May_17,London,0.1171616,0.117240408,-7.88E-05,-0.000133885,2.345482089,0.177605507,0.177605507
350,1,May_17,London,0.112255931,0.112335237,-7.93E-05,-0.00013473,2.345482089,0.177605507,0.177605507
368,1,May_17,London,0.127113145,0.127166726,-5.36E-05,-9.10E-05,2.345482089,0.177605507,0.177605507
386,1,May_17,London,0.11022707,0.110287326,-6.03E-05,-0.000102366,2.345482089,0.177605507,0.177605507
404,1,May_17,London,0.076101199,0.076144622,-4.34E-05,-7.38E-05,2.345482089,0.177605507,0.177605507
422,1,May_17,London,0.09031163,0.090365607,-5.40E-05,-9.17E-05,2.345482089,0.177605507,0.177605507
440,1,May_17,London,0.019811588,0.01983834,-2.68E-05,-4.54E-05,2.345482089,0.177605507,0.177605507
458,1,May_17,London,0.021326,0.021348809,-2.28E-05,-3.87E-05,2.345482089,0.177605507,0.177605507
476,1,May_17,London,0.078499595,0.07852209,-2.25E-05,-3.82E-05,2.345482089,0.177605507,0.177605507
494,1,May_17,London,0.114459577,0.114484324,-2.47E-05,-4.20E-05,2.345482089,0.177605507,0.177605507
512,1,May_17,London,0.086761932,0.086810815,-4.89E-05,-8.30E-05,2.345482089,0.177605507,0.177605507
530,1,May_17,London,0.098989451,0.099044091,-5.46E-05,-9.28E-05,2.345482089,0.177605507,0.177605507
548,1,May_17,London,0.086263926,0.0863105,-4.66E-05,-7.91E-05,2.345482089,0.177605507,0.177605507
566,1,May_17,London,0.043838344,0.043867861,-2.95E-05,-5.01E-05,2.345482089,0.177605507,0.177605507
584,1,May_17,London,0.063611932,0.063643898,-3.20E-05,-5.43E-05,2.345482089,0.177605507,0.177605507
602,1,May_17,London,0.089586718,0.089637016,-5.03E-05,-8.55E-05,2.345482089,0.177605507,0.177605507
620,1,May_17,London,0.071571743,0.071638076,-6.63E-05,-0.00011269,2.345482089,0.177605507,0.177605507
638,1,May_17,London,0.125186008,0.125218607,-3.26E-05,-5.54E-05,2.345482089,0.177605507,0.177605507
656,1,May_17,London,0.106288823,0.106385569,-9.67E-05,-0.000164359,2.345482089,0.177605507,0.177605507
674,1,May_17,London,0.052258221,0.052252835,5.39E-06,9.15E-06,2.345482089,0.177605507,0.177605507
692,1,May_17,London,0.13566864,0.135671156,-2.52E-06,-4.27E-06,2.345482089,0.177605507,0.177605507
710,1,May_17,London,0.142506585,0.14258489,-7.83E-05,-0.000133029,2.345482089,0.177605507,0.177605507
728,1,May_17,London,0.01394794,0.013987553,-3.96E-05,-6.73E-05,2.345482089,0.177605507,0.177605507
746,1,May_17,London,0.019641043,0.019684464,-4.34E-05,-7.38E-05,2.345482089,0.177605507,0.177605507
764,1,May_17,London,-0.011696033,-0.01167806,-1.80E-05,-3.05E-05,2.345482089,0.177605507,0.177605507
782,1,May_17,London,0.047960884,0.048007569,-4.67E-05,-7.93E-05,2.345482089,0.177605507,0.177605507
800,1,May_17,London,0.012415662,0.012455238,-3.96E-05,-6.72E-05,2.345482089,0.177605507,0.177605507
818,1,May_17,London,0.054154835,0.05421554,-6.07E-05,-0.000103131,2.345482089,0.177605507,0.177605507
836,1,May_17,London,0.020379309,0.020418983,-3.97E-05,-6.74E-05,2.345482089,0.177605507,0.177605507
854,1,May_17,London,0.048651602,0.04870773,-5.61E-05,-9.54E-05,2.345482089,0.177605507,0.177605507
872,1,May_17,London,0.151029379,0.150124232,0.000905147,0.001537726,2.345482089,0.177605507,0.177605507
890,1,May_17,London,0.096070282,0.096130863,-6.06E-05,-0.00010292,2.345482089,0.177605507,0.177605507
10,1,May_18,London,0.056655818,0.056741843,-8.60E-05,-0.000146146,4.482235467,0.375190219,0.375190219
28,1,May_18,London,0.003593639,0.003565563,2.81E-05,4.77E-05,4.482235467,0.375190219,0.375190219
46,1,May_18,London,-0.006795768,-0.00680958,1.38E-05,2.35E-05,4.482235467,0.375190219,0.375190219
64,1,May_18,London,-0.006795768,-0.00680958,1.38E-05,2.35E-05,4.482235467,0.375190219,0.375190219
82,1,May_18,London,0.077042072,0.07711216,-7.01E-05,-0.000119071,4.482235467,0.375190219,0.375190219
100,1,May_18,London,0.122646153,0.122673108,-2.70E-05,-4.58E-05,4.482235467,0.375190219,0.375190219
118,1,May_18,London,0.108456989,0.108469536,-1.25E-05,-2.13E-05,4.482235467,0.375190219,0.375190219
136,1,May_18,London,0.035486367,0.035528246,-4.19E-05,-7.11E-05,4.482235467,0.375190219,0.375190219
154,1,May_18,London,0.090950657,0.08838516,0.002565498,0.004358443,4.482235467,0.375190219,0.375190219
172,1,May_18,London,0.108693649,0.108735002,-4.14E-05,-7.03E-05,4.482235467,0.375190219,0.375190219
190,1,May_18,London,0.125564273,0.125561119,3.15E-06,5.36E-06,4.482235467,0.375190219,0.375190219
208,1,May_18,London,0.091480586,0.091502197,-2.16E-05,-3.67E-05,4.482235467,0.375190219,0.375190219
226,1,May_18,London,0.03848139,0.038528045,-4.67E-05,-7.93E-05,4.482235467,0.375190219,0.375190219
244,1,May_18,London,0.05626074,0.056296188,-3.54E-05,-6.02E-05,4.482235467,0.375190219,0.375190219
262,1,May_18,London,0.088890979,0.088896728,-5.75E-06,-9.77E-06,4.482235467,0.375190219,0.375190219
280,1,May_18,London,0.125691456,0.125711304,-1.98E-05,-3.37E-05,4.482235467,0.375190219,0.375190219
298,1,May_18,London,0.111585504,0.111631806,-4.63E-05,-7.87E-05,4.482235467,0.375190219,0.375190219
316,1,May_18,London,0.037941002,0.037960133,-1.91E-05,-3.25E-05,4.482235467,0.375190219,0.375190219
334,1,May_18,London,0.118616303,0.1186543,-3.80E-05,-6.46E-05,4.482235467,0.375190219,0.375190219
352,1,May_18,London,0.115164012,0.115211813,-4.78E-05,-8.12E-05,4.482235467,0.375190219,0.375190219
370,1,May_18,London,0.123256517,0.123262867,-6.35E-06,-1.08E-05,4.482235467,0.375190219,0.375190219
388,1,May_18,London,0.113037917,0.113072587,-3.47E-05,-5.89E-05,4.482235467,0.375190219,0.375190219
406,1,May_18,London,0.086574197,0.086615932,-4.17E-05,-7.09E-05,4.482235467,0.375190219,0.375190219
424,1,May_18,London,0.101861074,0.101921026,-6.00E-05,-0.000101851,4.482235467,0.375190219,0.375190219
442,1,May_18,London,0.023272663,0.02329425,-2.16E-05,-3.67E-05,4.482235467,0.375190219,0.375190219
460,1,May_18,London,0.025781206,0.025799482,-1.83E-05,-3.10E-05,4.482235467,0.375190219,0.375190219
478,1,May_18,London,0.085848168,0.085871101,-2.29E-05,-3.90E-05,4.482235467,0.375190219,0.375190219
496,1,May_18,London,0.11556222,0.115574079,-1.19E-05,-2.01E-05,4.482235467,0.375190219,0.375190219
514,1,May_18,London,0.096961317,0.09701829,-5.70E-05,-9.68E-05,4.482235467,0.375190219,0.375190219
532,1,May_18,London,0.10660001,0.106626818,-2.68E-05,-4.55E-05,4.482235467,0.375190219,0.375190219
550,1,May_18,London,0.094905668,0.094950343,-4.47E-05,-7.59E-05,4.482235467,0.375190219,0.375190219
568,1,May_18,London,0.051654944,0.051681623,-2.67E-05,-4.53E-05,4.482235467,0.375190219,0.375190219
586,1,May_18,London,0.069561853,0.069591995,-3.01E-05,-5.12E-05,4.482235467,0.375190219,0.375190219
604,1,May_18,London,0.099614161,0.099655743,-4.16E-05,-7.06E-05,4.482235467,0.375190219,0.375190219
622,1,May_18,London,0.077520675,0.077590396,-6.97E-05,-0.000118447,4.482235467,0.375190219,0.375190219
640,1,May_18,London,0.125020597,0.125029244,-8.65E-06,-1.47E-05,4.482235467,0.375190219,0.375190219
658,1,May_18,London,0.112918528,0.112971309,-5.28E-05,-8.97E-05,4.482235467,0.375190219,0.375190219
676,1,May_18,London,0.059137257,0.059129478,7.78E-06,1.32E-05,4.482235467,0.375190219,0.375190219
694,1,May_18,London,0.126489176,0.126494415,-5.24E-06,-8.90E-06,4.482235467,0.375190219,0.375190219
712,1,May_18,London,0.126859872,0.126867153,-7.28E-06,-1.24E-05,4.482235467,0.375190219,0.375190219
730,1,May_18,London,0.023527803,0.023565587,-3.78E-05,-6.42E-05,4.482235467,0.375190219,0.375190219
748,1,May_18,London,0.029923179,0.029958189,-3.50E-05,-5.95E-05,4.482235467,0.375190219,0.375190219
766,1,May_18,London,-0.005593928,-0.005572359,-2.16E-05,-3.66E-05,4.482235467,0.375190219,0.375190219
784,1,May_18,London,0.054165864,0.054212302,-4.64E-05,-7.89E-05,4.482235467,0.375190219,0.375190219
802,1,May_18,London,0.019688215,0.019725141,-3.69E-05,-6.27E-05,4.482235467,0.375190219,0.375190219
820,1,May_18,London,0.065565542,0.065622237,-5.67E-05,-9.63E-05,4.482235467,0.375190219,0.375190219
838,1,May_18,London,0.030329895,0.030361812,-3.19E-05,-5.42E-05,4.482235467,0.375190219,0.375190219
856,1,May_18,London,0.058326844,0.058381094,-5.43E-05,-9.22E-05,4.482235467,0.375190219,0.375190219
874,1,May_18,London,0.128477051,0.127969462,0.000507589,0.000862327,4.482235467,0.375190219,0.375190219
892,1,May_18,London,0.104097672,0.104127837,-3.02E-05,-5.12E-05,4.482235467,0.375190219,0.375190219
12,1,May_19,London,0.052564592,0.052570223,-5.63E-06,-9.57E-06,6.410655475,0.530279478,0.530279478
30,1,May_19,London,0.038377214,0.038364026,1.32E-05,2.24E-05,6.410655475,0.530279478,0.530279478
48,1,May_19,London,0.012654268,0.0126421,1.22E-05,2.07E-05,6.410655475,0.530279478,0.530279478
66,1,May_19,London,0.012654268,0.0126421,1.22E-05,2.07E-05,6.410655475,0.530279478,0.530279478
84,1,May_19,London,0.143056319,0.143052881,3.44E-06,5.84E-06,6.410655475,0.530279478,0.530279478
102,1,May_19,London,0.127852757,0.127846994,5.76E-06,9.79E-06,6.410655475,0.530279478,0.530279478
120,1,May_19,London,0.111632626,0.1116254,7.23E-06,1.23E-05,6.410655475,0.530279478,0.530279478
138,1,May_19,London,0.059784377,0.05979351,-9.13E-06,-1.55E-05,6.410655475,0.530279478,0.530279478
156,1,May_19,London,0.062775816,0.062795008,-1.92E-05,-3.26E-05,6.410655475,0.530279478,0.530279478
174,1,May_19,London,0.118571335,0.118570154,1.18E-06,2.01E-06,6.410655475,0.530279478,0.530279478
192,1,May_19,London,0.129587132,0.129591759,-4.63E-06,-7.86E-06,6.410655475,0.530279478,0.530279478
210,1,May_19,London,0.09903832,0.099026549,1.18E-05,2.00E-05,6.410655475,0.530279478,0.530279478
228,1,May_19,London,0.051419684,0.051428104,-8.42E-06,-1.43E-05,6.410655475,0.530279478,0.530279478
246,1,May_19,London,0.098300229,0.098303891,-3.66E-06,-6.22E-06,6.410655475,0.530279478,0.530279478
264,1,May_19,London,0.06063951,0.060640606,-1.10E-06,-1.86E-06,6.410655475,0.530279478,0.530279478
282,1,May_19,London,0.126390656,0.126386239,4.42E-06,7.50E-06,6.410655475,0.530279478,0.530279478
300,1,May_19,London,0.112995725,0.11299418,1.55E-06,2.63E-06,6.410655475,0.530279478,0.530279478
318,1,May_19,London,0.038230448,0.038226457,3.99E-06,6.78E-06,6.410655475,0.530279478,0.530279478
336,1,May_19,London,0.112352967,0.112348197,4.77E-06,8.10E-06,6.410655475,0.530279478,0.530279478
354,1,May_19,London,0.112567136,0.112566367,7.70E-07,1.31E-06,6.410655475,0.530279478,0.530279478
372,1,May_19,London,0.12003291,0.120024861,8.05E-06,1.37E-05,6.410655475,0.530279478,0.530279478
390,1,May_19,London,0.103651687,0.103643572,8.11E-06,1.38E-05,6.410655475,0.530279478,0.530279478
408,1,May_19,London,0.123578516,0.123579414,-8.98E-07,-1.53E-06,6.410655475,0.530279478,0.530279478
426,1,May_19,London,0.118988781,0.118991318,-2.54E-06,-4.31E-06,6.410655475,0.530279478,0.530279478
444,1,May_19,London,0.027801569,0.027807069,-5.50E-06,-9.34E-06,6.410655475,0.530279478,0.530279478
462,1,May_19,London,0.036775385,0.036778545,-3.16E-06,-5.37E-06,6.410655475,0.530279478,0.530279478
480,1,May_19,London,0.092052792,0.092044073,8.72E-06,1.48E-05,6.410655475,0.530279478,0.530279478
498,1,May_19,London,0.108634312,0.108610258,2.41E-05,4.09E-05,6.410655475,0.530279478,0.530279478
516,1,May_19,London,0.119149232,0.119144312,4.92E-06,8.36E-06,6.410655475,0.530279478,0.530279478
534,1,May_19,London,0.106854276,0.106847666,6.61E-06,1.12E-05,6.410655475,0.530279478,0.530279478
552,1,May_19,London,0.094247393,0.094244598,2.80E-06,4.75E-06,6.410655475,0.530279478,0.530279478
570,1,May_19,London,0.089992377,0.089993093,-7.16E-07,-1.22E-06,6.410655475,0.530279478,0.530279478
588,1,May_19,London,0.075440615,0.075435031,5.58E-06,9.49E-06,6.410655475,0.530279478,0.530279478
606,1,May_19,London,0.11192328,0.11192127,2.01E-06,3.41E-06,6.410655475,0.530279478,0.530279478
624,1,May_19,London,0.076874654,0.076875595,-9.41E-07,-1.60E-06,6.410655475,0.530279478,0.530279478
642,1,May_19,London,0.131537784,0.131540501,-2.72E-06,-4.62E-06,6.410655475,0.530279478,0.530279478
660,1,May_19,London,0.124089494,0.12409543,-5.94E-06,-1.01E-05,6.410655475,0.530279478,0.530279478
678,1,May_19,London,0.083311264,0.083304692,6.57E-06,1.12E-05,6.410655475,0.530279478,0.530279478
696,1,May_19,London,0.139768707,0.139760434,8.27E-06,1.41E-05,6.410655475,0.530279478,0.530279478
714,1,May_19,London,0.134582412,0.134575751,6.66E-06,1.13E-05,6.410655475,0.530279478,0.530279478
732,1,May_19,London,0.083486323,0.083501612,-1.53E-05,-2.60E-05,6.410655475,0.530279478,0.530279478
750,1,May_19,London,0.091325415,0.091330517,-5.10E-06,-8.67E-06,6.410655475,0.530279478,0.530279478
768,1,May_19,London,0.047270732,0.047303289,-3.26E-05,-5.53E-05,6.410655475,0.530279478,0.530279478
786,1,May_19,London,0.076435368,0.076428684,6.68E-06,1.14E-05,6.410655475,0.530279478,0.530279478
804,1,May_19,London,0.05671141,0.056726043,-1.46E-05,-2.49E-05,6.410655475,0.530279478,0.530279478
822,1,May_19,London,0.10399432,0.103988747,5.57E-06,9.47E-06,6.410655475,0.530279478,0.530279478
840,1,May_19,London,0.066606289,0.066611785,-5.50E-06,-9.34E-06,6.410655475,0.530279478,0.530279478
858,1,May_19,London,0.0904855,0.09048977,-4.27E-06,-7.25E-06,6.410655475,0.530279478,0.530279478
876,1,May_19,London,0.120345285,0.120438782,-9.35E-05,-0.00015884,6.410655475,0.530279478,0.530279478
894,1,May_19,London,0.09762959,0.09762423,5.36E-06,9.11E-06,6.410655475,0.530279478,0.530279478
14,1,Oct_17,London,0.030385665,0.030497631,-0.000111966,-0.000190215,0.448649342,0.057859768,0.057859768
32,1,Oct_17,London,-0.010838362,-0.010842705,4.34E-06,7.38E-06,0.448649342,0.057859768,0.057859768
50,1,Oct_17,London,-0.011519069,-0.011521241,2.17E-06,3.69E-06,0.448649342,0.057859768,0.057859768
68,1,Oct_17,London,-0.011519069,-0.011521241,2.17E-06,3.69E-06,0.448649342,0.057859768,0.057859768
86,1,Oct_17,London,0.015592618,0.015655632,-6.30E-05,-0.000107053,0.448649342,0.057859768,0.057859768
104,1,Oct_17,London,0.049688564,0.049725417,-3.69E-05,-6.26E-05,0.448649342,0.057859768,0.057859768
122,1,Oct_17,London,0.043997371,0.044025575,-2.82E-05,-4.79E-05,0.448649342,0.057859768,0.057859768
140,1,Oct_17,London,0.007626008,0.007675377,-4.94E-05,-8.39E-05,0.448649342,0.057859768,0.057859768
158,1,Oct_17,London,0.046310699,0.044952694,0.001358005,0.002307072,0.448649342,0.057859768,0.057859768
176,1,Oct_17,London,0.042678399,0.042715989,-3.76E-05,-6.39E-05,0.448649342,0.057859768,0.057859768
194,1,Oct_17,London,0.050661154,0.050663537,-2.38E-06,-4.05E-06,0.448649342,0.057859768,0.057859768
212,1,Oct_17,London,0.037580247,0.037615327,-3.51E-05,-5.96E-05,0.448649342,0.057859768,0.057859768
230,1,Oct_17,London,0.013603931,0.013668626,-6.47E-05,-0.000109908,0.448649342,0.057859768,0.057859768
248,1,Oct_17,London,0.015808961,0.015855996,-4.70E-05,-7.99E-05,0.448649342,0.057859768,0.057859768
266,1,Oct_17,London,0.043864051,0.043890172,-2.61E-05,-4.44E-05,0.448649342,0.057859768,0.057859768
284,1,Oct_17,London,0.043104077,0.043142788,-3.87E-05,-6.58E-05,0.448649342,0.057859768,0.057859768
302,1,Oct_17,London,0.046396854,0.046452595,-5.57E-05,-9.47E-05,0.448649342,0.057859768,0.057859768
320,1,Oct_17,London,0.01881032,0.018849353,-3.90E-05,-6.63E-05,0.448649342,0.057859768,0.057859768
338,1,Oct_17,London,0.043647067,0.043693075,-4.60E-05,-7.82E-05,0.448649342,0.057859768,0.057859768
356,1,Oct_17,London,0.049065939,0.049106457,-4.05E-05,-6.88E-05,0.448649342,0.057859768,0.057859768
374,1,Oct_17,London,0.051310757,0.051328897,-1.81E-05,-3.08E-05,0.448649342,0.057859768,0.057859768
392,1,Oct_17,London,0.049613793,0.049650398,-3.66E-05,-6.22E-05,0.448649342,0.057859768,0.057859768
410,1,Oct_17,London,0.024218765,0.024267818,-4.91E-05,-8.33E-05,0.448649342,0.057859768,0.057859768
428,1,Oct_17,London,0.027575259,0.027645207,-6.99E-05,-0.000118833,0.448649342,0.057859768,0.057859768
446,1,Oct_17,London,0.007797731,0.007834586,-3.69E-05,-6.26E-05,0.448649342,0.057859768,0.057859768
464,1,Oct_17,London,0.006089808,0.006119198,-2.94E-05,-4.99E-05,0.448649342,0.057859768,0.057859768
482,1,Oct_17,London,0.036328526,0.036359639,-3.11E-05,-5.29E-05,0.448649342,0.057859768,0.057859768
500,1,Oct_17,London,0.042405295,0.042443557,-3.83E-05,-6.50E-05,0.448649342,0.057859768,0.057859768
518,1,Oct_17,London,0.03518378,0.035248521,-6.47E-05,-0.000109987,0.448649342,0.057859768,0.057859768
536,1,Oct_17,London,0.044235808,0.044275563,-3.98E-05,-6.75E-05,0.448649342,0.057859768,0.057859768
554,1,Oct_17,London,0.040434755,0.04047768,-4.29E-05,-7.29E-05,0.448649342,0.057859768,0.057859768
572,1,Oct_17,London,0.011325425,0.011361675,-3.62E-05,-6.16E-05,0.448649342,0.057859768,0.057859768
590,1,Oct_17,London,0.02980394,0.029858198,-5.43E-05,-9.22E-05,0.448649342,0.057859768,0.057859768
608,1,Oct_17,London,0.039034243,0.039086278,-5.20E-05,-8.84E-05,0.448649342,0.057859768,0.057859768
626,1,Oct_17,London,0.036053928,0.03610881,-5.49E-05,-9.32E-05,0.448649342,0.057859768,0.057859768
644,1,Oct_17,London,0.048533723,0.048566479,-3.28E-05,-5.56E-05,0.448649342,0.057859768,0.057859768
662,1,Oct_17,London,0.043539141,0.043589071,-4.99E-05,-8.48E-05,0.448649342,0.057859768,0.057859768
680,1,Oct_17,London,0.024231173,0.024250429,-1.93E-05,-3.27E-05,0.448649342,0.057859768,0.057859768
698,1,Oct_17,London,0.041953667,0.041957364,-3.70E-06,-6.28E-06,0.448649342,0.057859768,0.057859768
716,1,Oct_17,London,0.05275645,0.052782037,-2.56E-05,-4.35E-05,0.448649342,0.057859768,0.057859768
734,1,Oct_17,London,-0.002755096,-0.002728836,-2.63E-05,-4.46E-05,0.448649342,0.057859768,0.057859768
752,1,Oct_17,London,-0.000845438,-0.000815178,-3.03E-05,-5.14E-05,0.448649342,0.057859768,0.057859768
770,1,Oct_17,London,-0.011724027,-0.011719169,-4.86E-06,-8.25E-06,0.448649342,0.057859768,0.057859768
788,1,Oct_17,London,0.018094798,0.018150548,-5.57E-05,-9.47E-05,0.448649342,0.057859768,0.057859768
806,1,Oct_17,London,-0.001157501,-0.001126096,-3.14E-05,-5.34E-05,0.448649342,0.057859768,0.057859768
824,1,Oct_17,London,0.013816865,0.013879873,-6.30E-05,-0.000107042,0.448649342,0.057859768,0.057859768
842,1,Oct_17,London,-0.000241005,-0.000211973,-2.90E-05,-4.93E-05,0.448649342,0.057859768,0.057859768
860,1,Oct_17,London,0.012378796,0.012435395,-5.66E-05,-9.62E-05,0.448649342,0.057859768,0.057859768
878,1,Oct_17,London,0.050299116,0.050314636,-1.55E-05,-2.64E-05,0.448649342,0.057859768,0.057859768
896,1,Oct_17,London,0.044572829,0.044616635,-4.38E-05,-7.44E-05,0.448649342,0.057859768,0.057859768
16,1,Oct_18,London,0.036493748,0.036603319,-0.00010957,-0.000186146,2.703406332,0.172990794,0.172990794
34,1,Oct_18,London,-0.009315152,-0.009322429,7.28E-06,1.24E-05,2.703406332,0.172990794,0.172990794
52,1,Oct_18,London,-0.010466905,-0.010471205,4.30E-06,7.30E-06,2.703406332,0.172990794,0.172990794
70,1,Oct_18,London,-0.010466905,-0.010471205,4.30E-06,7.30E-06,2.703406332,0.172990794,0.172990794
88,1,Oct_18,London,0.025241858,0.025314231,-7.24E-05,-0.000122952,2.703406332,0.172990794,0.172990794
106,1,Oct_18,London,0.085641184,0.085756945,-0.000115761,-0.000196663,2.703406332,0.172990794,0.172990794
124,1,Oct_18,London,0.066877473,0.066936185,-5.87E-05,-9.97E-05,2.703406332,0.172990794,0.172990794
142,1,Oct_18,London,0.012492818,0.012541398,-4.86E-05,-8.25E-05,2.703406332,0.172990794,0.172990794
160,1,Oct_18,London,0.066060121,0.062782935,0.003277186,0.005567509,2.703406332,0.172990794,0.172990794
178,1,Oct_18,London,0.064111935,0.064199489,-8.76E-05,-0.000148741,2.703406332,0.172990794,0.172990794
196,1,Oct_18,London,0.092869877,0.092870456,-5.78E-07,-9.82E-07,2.703406332,0.172990794,0.172990794
214,1,Oct_18,London,0.051474661,0.051524986,-5.03E-05,-8.55E-05,2.703406332,0.172990794,0.172990794
232,1,Oct_18,London,0.018188707,0.018249469,-6.08E-05,-0.000103227,2.703406332,0.172990794,0.172990794
250,1,Oct_18,London,0.022495281,0.022543637,-4.84E-05,-8.22E-05,2.703406332,0.172990794,0.172990794
268,1,Oct_18,London,0.065471755,0.065502899,-3.11E-05,-5.29E-05,2.703406332,0.172990794,0.172990794
286,1,Oct_18,London,0.07619356,0.076297427,-0.000103867,-0.000176456,2.703406332,0.172990794,0.172990794
304,1,Oct_18,London,0.073178945,0.073307446,-0.000128501,-0.000218306,2.703406332,0.172990794,0.172990794
322,1,Oct_18,London,0.022820265,0.022855296,-3.50E-05,-5.95E-05,2.703406332,0.172990794,0.172990794
340,1,Oct_18,London,0.071077205,0.071193285,-0.00011608,-0.000197205,2.703406332,0.172990794,0.172990794
358,1,Oct_18,London,0.080626124,0.08074482,-0.000118695,-0.000201648,2.703406332,0.172990794,0.172990794
376,1,Oct_18,London,0.094388355,0.094472641,-8.43E-05,-0.00014319,2.703406332,0.172990794,0.172990794
394,1,Oct_18,London,0.081226465,0.081327993,-0.000101528,-0.000172483,2.703406332,0.172990794,0.172990794
412,1,Oct_18,London,0.036579429,0.036632677,-5.32E-05,-9.05E-05,2.703406332,0.172990794,0.172990794
430,1,Oct_18,London,0.042555566,0.042634079,-7.85E-05,-0.000133383,2.703406332,0.172990794,0.172990794
448,1,Oct_18,London,0.010753477,0.010786131,-3.27E-05,-5.55E-05,2.703406332,0.172990794,0.172990794
466,1,Oct_18,London,0.009711997,0.009738591,-2.66E-05,-4.52E-05,2.703406332,0.172990794,0.172990794
484,1,Oct_18,London,0.048496206,0.048540116,-4.39E-05,-7.46E-05,2.703406332,0.172990794,0.172990794
502,1,Oct_18,London,0.069349564,0.069447382,-9.78E-05,-0.000166179,2.703406332,0.172990794,0.172990794
520,1,Oct_18,London,0.049610387,0.049686953,-7.66E-05,-0.000130076,2.703406332,0.172990794,0.172990794
538,1,Oct_18,London,0.066635622,0.066723636,-8.80E-05,-0.000149523,2.703406332,0.172990794,0.172990794
556,1,Oct_18,London,0.05587434,0.055946672,-7.23E-05,-0.000122881,2.703406332,0.172990794,0.172990794
574,1,Oct_18,London,0.018213188,0.018248083,-3.49E-05,-5.93E-05,2.703406332,0.172990794,0.172990794
592,1,Oct_18,London,0.03864178,0.038692352,-5.06E-05,-8.59E-05,2.703406332,0.172990794,0.172990794
610,1,Oct_18,London,0.05519614,0.055269312,-7.32E-05,-0.00012431,2.703406332,0.172990794,0.172990794
628,1,Oct_18,London,0.046269096,0.046355032,-8.59E-05,-0.000145994,2.703406332,0.172990794,0.172990794
646,1,Oct_18,London,0.082838803,0.082908458,-6.97E-05,-0.000118335,2.703406332,0.172990794,0.172990794
664,1,Oct_18,London,0.067522481,0.067645514,-0.000123033,-0.000209017,2.703406332,0.172990794,0.172990794
682,1,Oct_18,London,0.030973157,0.030985582,-1.24E-05,-2.11E-05,2.703406332,0.172990794,0.172990794
700,1,Oct_18,London,0.072798746,0.072800286,-1.54E-06,-2.62E-06,2.703406332,0.172990794,0.172990794
718,1,Oct_18,London,0.105029174,0.105154768,-0.000125594,-0.000213368,2.703406332,0.172990794,0.172990794
736,1,Oct_18,London,0.000957202,0.000985724,-2.85E-05,-4.85E-05,2.703406332,0.172990794,0.172990794
754,1,Oct_18,London,0.003491331,0.003523782,-3.25E-05,-5.51E-05,2.703406332,0.172990794,0.172990794
772,1,Oct_18,London,-0.010905352,-0.010898271,-7.08E-06,-1.20E-05,2.703406332,0.172990794,0.172990794
790,1,Oct_18,London,0.025015831,0.025078952,-6.31E-05,-0.000107236,2.703406332,0.172990794,0.172990794
808,1,Oct_18,London,0.002109949,0.002142183,-3.22E-05,-5.48E-05,2.703406332,0.172990794,0.172990794
826,1,Oct_18,London,0.021952694,0.022017116,-6.44E-05,-0.000109444,2.703406332,0.172990794,0.172990794
844,1,Oct_18,London,0.004137464,0.004168124,-3.07E-05,-5.21E-05,2.703406332,0.172990794,0.172990794
862,1,Oct_18,London,0.019729002,0.019786025,-5.70E-05,-9.69E-05,2.703406332,0.172990794,0.172990794
880,1,Oct_18,London,0.098060088,0.098141359,-8.13E-05,-0.000138068,2.703406332,0.172990794,0.172990794
898,1,Oct_18,London,0.066333111,0.066429655,-9.65E-05,-0.000164015,2.703406332,0.172990794,0.172990794
18,1,Oct_19,London,0.040485525,0.040580064,-9.45E-05,-0.000160609,5.223107451,0.229906349,0.229906349
36,1,Oct_19,London,-0.006120316,-0.006132527,1.22E-05,2.07E-05,5.223107451,0.229906349,0.229906349
54,1,Oct_19,London,-0.008920842,-0.008927623,6.78E-06,1.15E-05,5.223107451,0.229906349,0.229906349
72,1,Oct_19,London,-0.008920842,-0.008927623,6.78E-06,1.15E-05,5.223107451,0.229906349,0.229906349
90,1,Oct_19,London,0.038154554,0.038219545,-6.50E-05,-0.00011041,5.223107451,0.229906349,0.229906349
108,1,Oct_19,London,0.099183859,0.099297188,-0.00011333,-0.000192532,5.223107451,0.229906349,0.229906349
126,1,Oct_19,London,0.078783143,0.078836306,-5.32E-05,-9.03E-05,5.223107451,0.229906349,0.229906349
144,1,Oct_19,London,0.017964964,0.018009622,-4.47E-05,-7.59E-05,5.223107451,0.229906349,0.229906349
162,1,Oct_19,London,0.071576946,0.068689314,0.002887632,0.004905707,5.223107451,0.229906349,0.229906349
180,1,Oct_19,London,0.077057497,0.077143637,-8.61E-05,-0.000146341,5.223107451,0.229906349,0.229906349
198,1,Oct_19,London,0.107518723,0.107510997,7.73E-06,1.31E-05,5.223107451,0.229906349,0.229906349
216,1,Oct_19,London,0.060901521,0.060940929,-3.94E-05,-6.69E-05,5.223107451,0.229906349,0.229906349
234,1,Oct_19,London,0.022660622,0.022709676,-4.91E-05,-8.33E-05,5.223107451,0.229906349,0.229906349
252,1,Oct_19,London,0.030121477,0.030160105,-3.86E-05,-6.56E-05,5.223107451,0.229906349,0.229906349
270,1,Oct_19,London,0.068198431,0.068226798,-2.84E-05,-4.82E-05,5.223107451,0.229906349,0.229906349
288,1,Oct_19,London,0.10136957,0.101465833,-9.63E-05,-0.000163537,5.223107451,0.229906349,0.229906349
306,1,Oct_19,London,0.085353521,0.085464299,-0.000110778,-0.000188198,5.223107451,0.229906349,0.229906349
324,1,Oct_19,London,0.025209492,0.025238152,-2.87E-05,-4.87E-05,5.223107451,0.229906349,0.229906349
342,1,Oct_19,London,0.089261367,0.089368919,-0.000107552,-0.000182716,5.223107451,0.229906349,0.229906349
360,1,Oct_19,London,0.092038648,0.092140128,-0.00010148,-0.000172401,5.223107451,0.229906349,0.229906349
378,1,Oct_19,London,0.106363558,0.106442543,-7.90E-05,-0.000134185,5.223107451,0.229906349,0.229906349
396,1,Oct_19,London,0.091481059,0.091564562,-8.35E-05,-0.000141861,5.223107451,0.229906349,0.229906349
414,1,Oct_19,London,0.049141823,0.049189386,-4.76E-05,-8.08E-05,5.223107451,0.229906349,0.229906349
432,1,Oct_19,London,0.058479352,0.05855109,-7.17E-05,-0.000121873,5.223107451,0.229906349,0.229906349
450,1,Oct_19,London,0.013357016,0.013384762,-2.77E-05,-4.71E-05,5.223107451,0.229906349,0.229906349
468,1,Oct_19,London,0.013359396,0.013381998,-2.26E-05,-3.84E-05,5.223107451,0.229906349,0.229906349
486,1,Oct_19,London,0.057302989,0.057337108,-3.41E-05,-5.80E-05,5.223107451,0.229906349,0.229906349
504,1,Oct_19,London,0.087695184,0.087764248,-6.91E-05,-0.00011733,5.223107451,0.229906349,0.229906349
522,1,Oct_19,London,0.061253827,0.06132943,-7.56E-05,-0.000128439,5.223107451,0.229906349,0.229906349
540,1,Oct_19,London,0.078030728,0.078115677,-8.49E-05,-0.000144317,5.223107451,0.229906349,0.229906349
558,1,Oct_19,London,0.065229491,0.065299854,-7.04E-05,-0.000119536,5.223107451,0.229906349,0.229906349
576,1,Oct_19,London,0.026632517,0.026660296,-2.78E-05,-4.72E-05,5.223107451,0.229906349,0.229906349
594,1,Oct_19,London,0.045574043,0.045621123,-4.71E-05,-8.00E-05,5.223107451,0.229906349,0.229906349
612,1,Oct_19,London,0.06625874,0.066330581,-7.18E-05,-0.000122048,5.223107451,0.229906349,0.229906349
630,1,Oct_19,London,0.053383191,0.053458131,-7.49E-05,-0.000127313,5.223107451,0.229906349,0.229906349
648,1,Oct_19,London,0.098720056,0.098767504,-4.74E-05,-8.06E-05,5.223107451,0.229906349,0.229906349
666,1,Oct_19,London,0.081859101,0.081984848,-0.000125747,-0.000213628,5.223107451,0.229906349,0.229906349
684,1,Oct_19,London,0.036796223,0.036804678,-8.46E-06,-1.44E-05,5.223107451,0.229906349,0.229906349
702,1,Oct_19,London,0.097723958,0.097724612,-6.54E-07,-1.11E-06,5.223107451,0.229906349,0.229906349
720,1,Oct_19,London,0.12031546,0.120413102,-9.76E-05,-0.00016588,5.223107451,0.229906349,0.229906349
738,1,Oct_19,London,0.006318411,0.006347393,-2.90E-05,-4.92E-05,5.223107451,0.229906349,0.229906349
756,1,Oct_19,London,0.009719269,0.00975164,-3.24E-05,-5.50E-05,5.223107451,0.229906349,0.229906349
774,1,Oct_19,London,-0.009213433,-0.009203124,-1.03E-05,-1.75E-05,5.223107451,0.229906349,0.229906349
792,1,Oct_19,London,0.031403501,0.03145365,-5.01E-05,-8.52E-05,5.223107451,0.229906349,0.229906349
810,1,Oct_19,London,0.006288928,0.006320048,-3.11E-05,-5.29E-05,5.223107451,0.229906349,0.229906349
828,1,Oct_19,London,0.032565981,0.032621794,-5.58E-05,-9.48E-05,5.223107451,0.229906349,0.229906349
846,1,Oct_19,London,0.010312496,0.010342628,-3.01E-05,-5.12E-05,5.223107451,0.229906349,0.229906349
864,1,Oct_19,London,0.029281359,0.029329967,-4.86E-05,-8.26E-05,5.223107451,0.229906349,0.229906349
882,1,Oct_19,London,0.12310027,0.123179317,-7.90E-05,-0.000134291,5.223107451,0.229906349,0.229906349
900,1,Oct_19,London,0.076559343,0.076653193,-9.39E-05,-0.000159439,5.223107451,0.229906349,0.229906349